date,open,high,low,close,volume
20201230,26750,27400,26750,27400,407327
20201229,27050,27250,26500,26950,300357
20201228,26850,27000,26400,27000,378222
20201224,27500,27550,26450,26650,553100
20201223,26650,26700,25600,26200,246063
20201222,26800,27550,26100,26100,446169
20201221,26900,26900,26400,26750,275791
20201218,27150,27150,26700,26950,222380
20201217,27450,27450,26600,26950,362915
20201216,27200,27500,27150,27350,235542
20201215,27800,27900,27000,27050,394801
20201214,28500,28550,27600,27800,396067
20201211,28300,29100,28200,28500,840344
20201210,27700,28200,27350,27950,502427
20201209,27550,27900,27250,27650,266846
20201208,28450,28500,27500,27550,379098
20201207,28350,28400,27150,28150,491922
20201204,27650,28500,27500,27950,693175
20201203,27550,27600,27050,27450,431076
20201202,27600,27600,27100,27550,365720
20201201,27100,27950,27000,27600,654044
20201130,27500,27650,26800,27050,711761
20201127,27350,27450,26850,27250,448294
20201126,27200,27200,26450,27000,389997
20201125,26850,27750,26350,27250,998503
20201124,27550,27600,26500,26750,772496
20201123,25750,27950,25250,27050,2212852
20201120,24700,25650,24650,25500,399307
20201119,25750,25800,24650,25000,705184
20201118,26700,26750,25650,25950,577994
20201117,26700,27050,25800,26650,1268831
20201116,24850,26400,24650,26150,1739443
20201113,24000,24650,23750,24200,590004
20201112,24200,24400,23750,24000,402942
20201111,24200,24650,23950,24400,577681
20201110,24300,24500,23550,24300,730946
20201109,22700,23950,22700,23850,621940
20201106,22800,22800,22250,22600,153171
20201105,22350,22750,22200,22750,160431
20201104,21800,22500,21700,22350,274293
20201103,21400,21850,21400,21650,165440
20201102,21300,21600,21300,21400,100523
20201030,21850,21850,21300,21350,201626
20201029,21950,22000,21650,21750,242536
20201028,22100,22500,22050,22300,96295
20201027,22400,22550,22100,22250,190382
20201026,22750,22800,22450,22650,146124
20201023,23000,23000,22700,22850,117716
20201022,23100,23100,22700,22900,114970
20201021,22750,23100,22700,23100,127317
20201020,22800,22950,22500,22750,153905
20201019,23100,23200,22850,23000,153718
20201016,23100,23150,22500,22700,211602
20201015,22900,23400,22550,22800,268835
20201014,23950,24000,23100,23150,348891
20201013,24750,24850,23600,23750,1074852
20201012,24850,25300,24150,24500,934590
20201008,24500,24500,23650,24300,312744
20201007,23350,24200,23300,23900,185763
20201006,24150,24350,23450,23550,195420
20201005,23850,24400,23100,24250,377587
20200929,23100,23950,22800,23800,404465
20200928,22200,23050,22200,22800,151605
20200925,22050,22550,22050,22050,149484
20200924,22100,22550,21950,22000,266682
20200923,22600,23000,22350,22800,200247
20200922,22950,23050,22500,22550,297628
20200921,23750,24050,23200,23400,236629
20200918,24150,24500,23800,24050,260780
20200917,24050,24450,23550,24400,298218
20200916,24450,24500,23900,24050,326700
20200915,25450,25500,24200,24400,643041
20200914,24850,25350,24700,25050,548123
20200911,23750,24500,23500,24400,527647
20200910,22950,23800,22800,23750,549400
20200909,22650,22900,22600,22600,203474
20200908,23700,23900,23000,23000,316518
20200907,22300,23850,22250,23400,493575
20200904,21900,22550,21900,22450,230773
20200903,22650,22850,22500,22700,173931
20200902,22700,22850,22350,22650,225004
20200901,22150,22700,22150,22650,179558
20200831,23100,23150,22150,22150,402235
20200828,22950,23150,22400,22800,250941
20200827,23100,23150,22350,22400,264077
20200826,23450,23600,22800,22950,239765
20200825,22650,23350,22500,23000,276845
20200824,22200,22650,21950,22300,174810
20200821,22300,22950,21800,22300,255789
20200820,23400,23450,22100,22100,502721
20200819,23300,24100,23300,23550,271935
20200818,25550,25650,23350,23500,704736
20200814,25000,26000,24800,25650,761267
20200813,25600,26100,24700,25000,596229
20200812,25450,25500,24600,25500,606433
20200811,23850,25700,23850,25650,1219173
20200810,23150,23700,22900,23600,295664
20200807,23950,24050,23300,23400,204543
20200806,24000,24250,23650,23900,295741
20200805,23250,24000,23000,24000,281372
20200804,23000,23500,22950,23250,186164
20200803,23450,23500,22900,23050,249338
20200731,23150,23850,23150,23650,257185
20200730,23400,23550,23000,23300,216135
20200729,23350,23500,23150,23350,176426
20200728,23600,23850,23400,23550,226488
20200727,23650,24150,23500,23650,207498
20200724,23850,24450,23450,23650,398475
20200723,23900,24150,23400,24050,283895
20200722,24150,24500,24050,24150,258742
20200721,23300,24750,23200,24350,492707
20200720,23150,23500,23050,23250,188184
20200717,23900,24200,23450,23450,170702
20200716,23950,24300,23750,23900,264106
20200715,23550,24150,23400,23750,368559
20200714,23300,23300,22800,23000,189611
20200713,22450,23400,22050,23300,312027
20200710,23100,23200,22250,22350,429207
20200709,23600,23850,23250,23300,332599
20200708,23950,24050,23450,23450,364961
20200707,24750,24800,24100,24100,393465
20200706,24300,24850,24250,24750,259931
20200703,24650,24750,24100,24650,300459
20200702,25150,25150,24300,24550,331595
20200701,26350,26500,24450,24900,1028686
20200630,27650,28000,26300,27050,1338594
20200629,25400,26950,25100,26900,1098850
20200626,24750,25750,24700,25600,586921
20200625,23800,25300,23300,24700,553050
20200624,24350,24550,23600,24450,429379
20200623,25400,25550,24100,24400,561882
20200622,26000,26200,25200,25350,487287
20200619,26300,26350,25150,25600,498086
20200618,25750,26950,25600,25650,1471287
20200617,24600,25600,24000,24950,926930
20200616,24500,25050,24000,24950,849619
20200615,25900,25900,23400,23400,984564
20200612,25300,26150,25200,26100,799588
20200611,27750,27950,26750,27000,789324
20200610,28250,28300,27350,27800,657496
20200609,29300,29450,27700,27950,1285797
20200608,27850,29700,27400,28350,3537538
20200605,27600,27800,26000,27100,1783582
20200604,29950,30550,27600,27600,2429705
20200603,28950,30150,28000,29350,4178023
20200602,29100,30700,27300,27400,4417417
20200601,21900,23950,21900,23950,1048534
20200529,20850,22250,20200,21800,923044
20200528,21850,21900,19950,20900,1053034
20200527,19450,21800,19150,21200,1871491
20200526,19500,19500,18850,19150,803098
20200525,17900,18450,17550,18400,1041965
20200522,17700,17750,16900,17000,346808
20200521,17600,17750,17250,17450,501433
20200520,17400,17500,17150,17350,248571
20200519,17200,17500,17100,17350,514234
20200518,16900,16950,16400,16650,251319
20200515,16450,16600,15850,16500,301946
20200514,16450,16500,15950,16250,215564
20200513,16250,16650,16200,16550,189496
20200512,17150,17250,16600,16700,191791
20200511,17300,17400,17050,17100,189896
20200508,17300,17450,17100,17250,144539
20200507,17000,17350,16900,17150,182376
20200506,17200,17450,16950,17200,231846
20200504,16550,17100,16400,16750,289907
20200429,16800,17650,16800,17150,601394
20200428,17150,17300,16800,16950,406429
20200427,17500,17800,17200,17450,294614
20200424,18250,18500,17300,17700,716298
20200423,17950,18650,17550,17700,884070
20200422,16500,17500,15900,17350,474714
20200421,16200,16500,15500,16500,369422
20200420,16650,17000,16500,16500,287009
20200417,16700,16900,16500,16600,347055
20200416,16550,16950,16300,16550,282003
20200414,16400,17200,16400,16850,276187
20200413,16850,17100,16200,16300,356497
20200410,16300,17550,15950,17100,644232
20200409,15600,16200,15400,16200,435261
20200408,15150,15650,14800,15100,358470
20200407,15050,15400,14650,15250,500151
20200406,14250,14600,13950,14500,357290
20200403,14350,14750,13600,13850,544793
20200402,13200,14000,12800,14000,442345
20200401,13300,14150,13200,13200,535354
20200331,13800,13800,13100,13450,540163
20200330,12600,13350,12250,13300,431268
20200327,13050,13900,12450,13200,811940
20200326,12600,13300,12300,12300,930728
20200325,12100,13200,11850,12400,1191737
20200324,11400,11700,10950,11550,666580
20200323,11350,11650,10850,11200,521951
20200320,12100,12650,11800,12450,608700
20200319,14000,14400,11850,12000,443469
20200318,15500,15700,13950,14000,335676
20200317,14750,15800,14050,15500,285869
20200316,17250,17700,15800,15900,236901
20200313,16000,17200,15400,16950,532857
20200312,19950,20100,18150,18400,344850
20200311,20800,21150,19750,19950,187691
20200310,20000,20900,20000,20500,218841
20200309,21850,21850,20350,20600,250940
20200306,22850,22950,22000,22200,160938
20200305,22500,23150,22400,23150,159365
20200304,21800,22500,21800,22350,126757
20200303,22250,22600,21700,21900,166925
20200302,22000,22350,21800,21900,159200
20200228,22600,22600,21900,22150,301934
20200227,22800,23050,22600,22900,144099
20200226,22950,23400,22700,23000,148594
20200225,22750,23450,22750,23150,142554
20200224,23400,23600,22800,22850,209050
20200221,24600,24850,24150,24200,137022
20200220,25000,25300,24800,24900,131565
20200219,25550,25600,24650,24900,102325
20200218,25100,25250,24800,25100,101790
20200217,25500,25550,25000,25250,100883
20200214,25800,25800,25200,25500,97587
20200213,25900,25900,25300,25300,163406
20200212,25250,25900,25250,25900,153642
20200211,25150,25600,25150,25550,97221
20200210,25050,25450,24750,25150,102206
20200207,25650,25900,25200,25450,173934
20200206,23950,25900,23950,25750,337768
20200205,24350,24500,23950,24000,181355
20200204,24100,24600,24100,24300,132933
20200203,23900,24800,23900,24400,172146
20200131,25550,25750,24700,24700,108998
20200130,25600,25950,25000,25400,107163
20200129,25050,25650,24650,25550,133792
20200128,25400,25750,24650,24650,198795
20200123,26200,26300,25800,25900,127143
20200122,26500,26550,26000,26300,79048
20200121,26350,26650,26000,26400,139513
20200120,26500,26650,26300,26400,103713
20200117,26550,27200,26500,26600,92733
20200116,27100,27100,26850,26950,78002
20200115,27050,27300,27000,27050,90888
20200114,27100,27650,27050,27050,96395
20200113,27100,27350,27050,27200,75942
20200110,27050,27250,26700,27250,116788
20200109,26100,26950,26100,26950,146081
20200108,26450,26550,25850,26000,168319
20200107,26950,27250,26700,26800,101627
20200106,27150,27400,26600,26600,119415
20200103,27500,28000,27200,27500,140565
20200102,27850,27900,27350,27350,106676
20191230,28100,28300,27800,27850,119328
20191227,27400,28200,27200,27900,144001
20191226,27550,27800,27400,27400,86711
20191224,27600,27800,27550,27600,63767
20191223,27800,27850,27500,27700,69584
20191220,27700,27900,27450,27650,106055
20191219,27400,27700,27200,27700,92781
20191218,28050,28200,27300,27700,177589
20191217,27900,28250,27700,28050,144991
20191216,28000,28200,27800,27950,114160
20191213,28050,28350,28050,28150,171813
20191212,27950,28000,27300,27750,235227
20191211,27450,28000,27200,27950,223647
20191210,26700,27250,26500,27050,165595
20191209,26400,26650,26050,26200,141814
20191206,25700,26650,25700,26400,122776
20191205,25900,26450,25900,26000,93937
20191204,26050,26200,25750,25900,135040
20191203,25400,26450,25300,26450,163890
20191202,26300,26700,25650,25850,178593
20191129,27200,27200,26200,26350,105650
20191128,26850,27200,26600,26700,77537
20191127,27400,27500,27000,27050,68970
20191126,26400,27200,26400,27150,223566
20191125,26400,26800,26400,26500,172862
20191122,25550,26600,25550,26300,125221
20191121,26550,26650,25800,26000,154249
20191120,27100,27300,26400,26550,197742
20191119,27650,28050,27350,27350,180011
20191118,28050,28800,27950,28050,106827
20191115,28200,28650,27850,28550,210120
20191114,28700,28850,28200,28750,101919
20191113,29150,29250,28650,28700,71708
20191112,28750,29300,28750,29150,78906
20191111,28900,29250,28650,29000,70180
20191108,29300,29300,28900,29250,86119
20191107,28550,29450,28500,29100,79794
20191106,29250,29300,28750,28950,115733
20191105,28750,29300,28700,29150,76536
20191104,28150,29200,28150,29100,122386
20191101,28000,28450,27750,28050,113654
20191031,28650,28650,27800,28150,177697
20191030,29250,29400,27750,28600,141663
20191029,29950,30000,29400,29400,88697
20191028,30000,30350,29850,29900,77302
20191025,29700,30200,29700,30000,77903
20191024,29250,29850,29250,29650,119293
20191023,29550,30050,29250,29250,140896
20191022,29800,30200,29700,29850,94113
20191021,29200,29700,29100,29700,57680
20191018,29900,30100,29100,29200,92076
20191017,30550,30650,29850,29900,105378
20191016,30800,31050,30200,30300,117873
20191015,30050,30850,30000,30550,122130
20191014,30350,30450,29800,30300,156145
20191011,30450,30750,29800,29850,172682
20191010,30400,30850,29700,30050,201516
20191008,29800,30450,29450,30300,169339
20191007,29350,29600,28400,29550,116160
20191004,29300,29850,29150,29350,133666
20191002,30000,30550,29750,29750,120254
20191001,30300,30800,30100,30600,79175
20190930,29750,30600,29500,30600,107436
20190927,31150,31200,29650,29950,142049
20190926,30650,31300,30400,31050,122253
20190925,31400,31550,30450,30800,174553
20190924,31500,31550,30850,31200,153287
20190923,30700,31550,30350,31500,187783
20190920,30000,30700,30000,30700,171249
20190919,30350,30600,29900,30000,114928
20190918,30950,30950,29850,30350,191774
20190917,30900,31000,30500,30900,107939
20190916,30700,31150,30400,30850,224182
20190911,30050,30300,29900,30300,197243
20190910,29900,30400,29600,30050,136915
20190909,29400,30200,29300,30050,251308
20190906,28450,29650,28350,28850,197338
20190905,28000,28750,28000,28400,130354
20190904,27700,28300,27650,28300,112160
20190903,27450,28350,27450,27900,140623
20190902,26900,27850,26900,27650,98276
20190830,26300,27400,26300,27300,227306
20190829,26100,26350,25850,26000,70862
20190828,26100,26100,25100,25900,103639
20190827,25750,26300,25400,26100,209950
20190826,25900,26100,25300,25600,193759
20190823,26700,27150,26400,26650,124908
20190822,26900,26950,26400,26550,183213
20190821,26700,27150,26500,26950,145713
20190820,26350,27400,26250,27000,192379
20190819,24350,26800,24300,26650,405600
20190816,24700,24700,24050,24100,148219
20190814,24750,24750,24450,24450,124445
20190813,24400,24900,24000,24500,103427
20190812,24500,24700,24150,24600,83468
20190809,24550,24650,24200,24400,149369
20190808,24300,24700,24150,24200,217629
20190807,23750,24300,23200,24000,279555
20190806,23750,25450,23750,23950,516472
20190805,26150,26850,24900,25450,303314
20190802,28150,28450,26450,26700,250843
20190801,28700,29250,28500,28500,102606
20190731,28550,29600,28500,29350,116825
20190730,28950,29600,28950,28950,83042
20190729,28800,30400,28100,29650,158505
20190726,29200,29450,28700,28850,101431
20190725,30550,30600,29200,29200,168173
20190724,30850,31200,30600,30600,68720
20190723,31150,31250,30600,30750,86079
20190722,31100,31700,31050,31150,58227
20190719,30400,31550,30400,31300,91881
20190718,31050,31200,30600,30750,69999
20190717,31300,31350,30650,30950,71999
20190716,31250,31600,31150,31300,62821
20190715,31650,31850,31300,31400,80234
20190712,31500,31800,31200,31700,75430
20190711,31350,31800,31300,31500,71644
20190710,30800,31750,30750,31500,112655
20190709,31350,31750,31050,31100,104498
20190708,32300,32500,31300,31350,207090
20190705,32600,32650,32250,32500,115375
20190704,32150,32500,31950,32300,147938
20190703,32950,33000,32100,32200,140858
20190702,32400,32950,32300,32750,177066
20190701,33000,33050,32400,32450,134115
20190628,32650,33000,32300,32700,204868
20190627,33000,33000,32650,32650,153687
20190626,32200,33000,31900,33000,242115
20190625,32650,33100,32250,32450,210408
20190624,33050,33150,32500,32600,190870
20190621,32250,33000,32250,33000,343453
20190620,32000,32500,31950,32200,159287
20190619,32350,32450,31850,31900,217334
20190618,31900,32550,31850,32100,241971
20190617,32200,32400,31800,31950,184201
20190614,32000,32300,31750,32200,214129
20190613,31900,32250,31600,32000,367204
20190612,31000,32000,30950,31900,504965
20190611,30000,30800,30000,30700,231976
20190610,29400,30200,29250,30150,197782
20190607,29200,29400,28550,29400,181428
20190605,30050,30400,29000,29150,329344
20190604,30150,30300,29950,30250,147106
20190603,29850,30200,29600,30150,196656
20190531,29700,30100,29600,29800,248069
20190530,29100,29950,28950,29900,249915
20190529,29000,29150,28550,28950,118831
20190528,28150,29050,28150,29050,204455
20190527,28250,28700,28150,28400,103814
20190524,28900,29050,28350,28350,209085
20190523,28700,29350,28650,29200,279564
20190522,28800,29100,28450,28700,149345
20190521,28250,28950,28050,28900,207852
20190520,27800,28400,27800,28250,205229
20190517,28000,28250,27600,27650,138147
20190516,27650,28450,27500,27750,209368
20190515,27000,28150,27000,27900,175987
20190514,26950,27250,26500,27000,183306
20190513,27250,27700,27100,27150,138595
20190510,27400,27850,27050,27600,162846
20190509,28100,28700,27400,27400,239477
20190508,28350,29000,28350,28450,187824
20190507,29300,29300,28650,28700,185931
20190503,29600,30000,29600,29700,177421
20190502,29050,29800,28800,29750,230169
20190430,28950,29200,28600,29050,98309
20190429,27900,29000,27900,29000,144552
20190426,28300,28750,28050,28250,127931
20190425,28700,28750,28200,28600,110327
20190424,29950,29950,28600,28700,278242
20190423,29450,30200,29150,29600,419924
20190422,29150,29150,28550,28850,126810
20190419,29750,29750,28700,28900,232053
20190418,29750,30100,29550,29700,206444
20190417,30100,30150,29750,29800,147728
20190416,29950,30250,29750,30050,167980
20190415,30450,30450,29850,29950,282372
20190412,29100,30500,29000,29800,389919
20190411,29450,29600,29050,29350,219434
20190410,28900,29300,28800,29300,155527
20190409,28600,29400,28600,28900,242188
20190408,28950,29200,28450,28550,260243
20190405,28700,29100,28550,28950,152138
20190404,28650,29100,28600,28750,193355
20190403,28400,28600,28050,28500,288181
20190402,29300,29450,28700,28750,203463
20190401,28200,29400,28200,29300,307663
20190329,27300,28150,27250,27950,206597
20190328,27750,27850,27050,27150,175822
20190327,28150,28300,27700,28000,156070
20190326,27350,28150,27200,28050,267559
20190325,27550,28250,27200,27250,290700
20190322,28250,28450,27900,27950,189079
20190321,28500,28800,27950,28450,387510
20190320,28450,28800,28350,28550,211262
20190319,28700,28900,28300,28700,329395
20190318,29300,29550,28700,28800,317395
20190315,29100,29900,29100,29250,930348
20190314,29200,29700,28950,28950,532459
20190313,29750,29950,29150,29150,245005
20190312,29450,29750,29250,29750,305948
20190311,30200,30250,28900,29150,561525
20190308,29800,30700,29500,30200,357570
20190307,31050,31300,30050,30200,297277
20190306,31350,31450,31000,31050,192091
20190305,31300,31500,30800,31300,272343
20190304,31550,32050,31500,31600,269052
20190228,31950,32400,31300,31600,535506
20190227,32050,32250,31550,31850,223830
20190226,32650,32650,32050,32050,257172
20190225,32650,33050,32500,32600,445130
20190222,32500,32700,32300,32400,410591
20190221,31800,32550,31550,32250,448667
20190220,31950,32300,31600,31900,254631
20190219,32200,32350,31700,31950,293220
20190218,31450,32250,31300,32100,534796
20190215,31000,31600,30750,31150,490019
20190214,32400,32400,30550,31000,1021013
20190213,33250,33350,32100,32200,734673
20190212,32900,33900,32900,33050,594386
20190211,33550,33750,32850,33000,655822
20190208,33950,35200,33050,33400,1220343
20190207,33850,34900,33400,34600,1199219
20190201,36300,36750,33550,33800,3094450
20190131,42000,44000,36650,37000,7207831
20190130,36500,36600,35550,36100,407651
20190129,36650,37300,35850,36200,541216
20190128,35350,37400,35350,35950,941710
20190125,34100,34650,33700,34550,406024
20190124,34200,34200,33550,34100,255959
20190123,33650,34100,33500,34050,210751
20190122,34100,34500,33350,33900,290197
20190121,32450,34100,32400,34000,1102090
20190118,31950,32150,31600,31950,214936
20190117,32250,32350,31600,31600,256299
20190116,32250,32400,31700,32100,346764
20190115,32650,32950,32450,32500,425739
20190114,31800,32400,31750,32300,267611
20190111,32600,32650,31550,31700,293351
20190110,31700,33150,31700,32350,544930
20190109,31500,32050,31050,31400,509267
20190108,33000,33150,31250,31400,639906
20190107,33950,34650,32700,32800,535221
20190104,33200,33600,32650,33300,378669
20190103,33700,34200,33200,33500,431274
20190102,34250,34500,33100,33300,241266
20181228,34800,35050,33900,34150,271421
20181227,33550,35050,33400,34750,660947
20181226,33100,33500,32100,32500,677213
20181224,34700,34900,33950,34150,220213
20181221,33500,34700,32600,34700,767786
20181220,34000,34900,33600,34050,448680
20181219,37150,37150,34300,34600,1099961
20181218,37200,38150,36500,37150,292631
20181217,37700,38300,36600,37300,342276
20181214,37400,38500,36500,37400,763399
20181213,36900,37400,36450,36850,679187
20181212,33950,36750,33650,36750,776744
20181211,34050,34150,33350,33750,193307
20181210,33150,34300,33050,33900,280572
20181207,33650,34150,33050,33550,354408
20181206,34650,35100,32800,32900,625779
20181205,33500,34800,33500,34650,495169
20181204,33900,34900,33450,34300,576138
20181203,33400,34150,32850,33650,542158
20181130,34200,34300,32650,32850,4276001
20181129,35100,35150,33450,33900,727835
20181128,35150,35850,34500,34600,546656
20181127,34550,35000,33700,34650,411994
20181126,35050,35250,33050,34700,754536
20181123,34700,35450,34450,35000,350338
20181122,35200,36050,34350,34650,572161
20181121,35150,35600,34700,35400,437806
20181120,34950,36350,34700,35600,724248
20181119,36800,37850,34650,35450,1228288
20181116,36500,37500,36400,37200,600454
20181115,34850,36400,34850,36000,737598
20181114,33400,36450,33200,34350,1659945
20181113,33250,33850,32500,33500,579403
20181112,32450,34500,32000,33500,729193
20181109,31850,32700,31150,32250,422962
20181108,31350,32600,31150,31650,511681
20181107,31850,32850,29950,30400,698096
20181106,29700,31600,29350,31300,688069
20181105,30150,30300,28850,29100,385358
20181102,28650,29800,28650,29750,226537
20181101,28900,30000,28350,28400,552948
20181031,27850,29850,27400,29250,538720
20181030,26850,28250,26850,27850,413503
20181029,27400,28850,27100,27300,587722
20181026,29750,29750,26800,27600,668482
20181025,28650,29650,28250,29400,595049
20181024,30450,30550,29400,29850,363129
20181023,30750,30950,29800,30050,326705
20181022,30600,31150,29900,31100,340487
20181019,30600,30750,29600,30600,586334
20181018,31400,32200,30400,31100,722870
20181017,34100,34100,29500,31700,2620577
20181016,34200,34550,32850,33500,378650
20181015,33300,35250,32300,34200,500494
20181012,32800,33650,32050,33450,596625
20181011,33700,34750,32750,32900,657536
20181010,34950,36000,34550,35350,390751
20181008,37000,37000,34300,34550,761775
20181005,37700,38000,36500,36900,461679
20181004,37350,38450,36200,37850,763738
20181002,35250,37450,35000,37100,757294
20181001,34850,35550,34750,35200,356709
20180928,35150,35300,34000,34650,469329
20180927,33250,35200,33200,34950,652572
20180921,34150,34200,32800,33450,1728823
20180920,33200,34200,33100,33700,334972
20180919,33350,33600,32850,33400,321800
20180918,32100,33700,32050,33400,582429
20180917,31100,32500,30600,32500,552735
20180914,31750,31900,30950,31250,339228
20180913,31050,31800,31000,31750,398385
20180912,31100,31200,30850,30950,363932
20180911,29850,31050,29700,31000,789265
20180910,30000,30000,29250,29950,401046
20180907,30150,30350,29650,30100,397950
20180906,29350,30300,29350,29900,596012
20180905,28950,30100,28900,29250,510269
20180904,29100,29250,28800,29150,345876
20180903,28250,29300,28150,29250,350273
20180831,28350,28650,27850,28450,206544
20180830,28800,28800,28100,28300,242876
20180829,28950,29100,28450,28500,303487
20180828,28050,29200,27500,28650,497190
20180827,29000,29000,27500,27750,654278
20180824,28850,28950,28300,28850,292824
20180823,29650,29650,28650,29150,466620
20180822,28500,29700,28500,29300,723385
20180821,28450,29050,28000,28500,780847
20180820,26200,28800,26200,28450,1895683
20180817,25700,26450,25700,26100,256670
20180816,25500,25900,25300,25800,308199
20180814,25350,25600,25150,25300,420358
20180813,25850,26050,25250,25400,517046
20180810,26500,26500,25500,26050,353218
20180809,26600,26850,26300,26500,280295
20180808,26750,26950,26450,26700,286901
20180807,26400,26550,25700,26550,178803
20180806,26550,26800,26250,26500,191148
20180803,26100,26700,25950,26550,408210
20180802,25800,26600,25800,26150,380984
20180801,26350,26900,25800,25850,374736
20180731,26100,26800,25900,26350,511087
20180730,25100,26200,25100,25900,254906
20180727,25050,25750,25050,25450,202049
20180726,23550,25350,23200,25050,936794
20180725,23450,24000,23050,23100,397724
20180724,24450,24450,22600,23450,836602
20180723,23000,24750,23000,24450,523394
20180720,24050,24200,23000,23300,854114
20180719,24100,24350,23800,24050,321234
20180718,24950,25050,23900,24050,840619
20180717,25300,25400,24500,24950,742034
20180716,25300,25750,25050,25300,253015
20180713,25300,25600,25100,25450,339900
20180712,25500,25550,25100,25250,431791
20180711,25600,25650,25200,25550,277876
20180710,26500,27000,25900,25950,339530
20180709,26100,26700,25850,26450,336862
20180706,24900,26700,24900,26350,754100
20180705,25100,25450,24450,24850,266115
20180704,25150,25550,24900,25300,241134
20180703,25400,25950,24900,25350,310143
20180702,26850,27250,25300,25400,553030
20180629,26750,27200,26150,27000,498154
20180628,25900,26750,25650,26500,361297
20180627,26250,27200,25250,25600,656754
20180626,25850,27000,25750,26600,617159
20180625,24850,26300,24800,26300,647872
20180622,23800,25050,23550,25050,489856
20180621,24000,24700,23650,23850,292631
20180620,23450,24350,23450,24050,344870
20180619,24200,24950,23450,23550,801434
20180618,25850,25900,23800,24350,901451
20180615,26500,26850,25550,25850,915597
20180614,27800,27800,26000,26150,2570168
20180612,28150,28150,27100,27700,650768
20180611,26450,28050,26400,27900,1202754
20180608,27300,27450,26600,26600,280443
20180607,27300,27400,26950,27100,359169
20180605,27250,27300,26600,27250,360243
20180604,26900,27250,26650,27050,305405
20180601,26900,27150,26700,26850,307752
20180531,26900,27400,26400,27150,620209
20180530,26200,26950,26000,26250,600767
20180529,26550,26800,26200,26700,505610
20180528,27100,27300,26150,26900,990835
20180525,26600,27850,26400,27550,1068534
20180524,26800,26900,26350,26650,285044
20180523,27400,27450,26750,27000,332995
20180521,27050,27500,26750,27300,410279
20180518,26300,27300,26300,27000,657150
20180517,26950,27100,26250,26300,398721
20180516,27100,27600,26050,26450,613920
20180515,27000,27550,26300,27050,753450
20180514,26100,27150,25950,27000,720489
20180511,26300,26350,25700,25900,297451
20180510,26100,26550,25800,26200,577593
20180509,25600,25800,24650,25350,302198
20180508,25550,26450,25250,25600,625394
20180504,24500,25550,24450,25200,590159
20180503,24200,24800,24050,24400,324633
20180502,23500,24650,22800,24200,808335
20180430,25150,25200,23050,24000,1256428
20180427,25400,25500,24800,25200,306067
20180426,25100,26100,25050,25400,502597
20180425,26000,26050,24750,25000,654020
20180424,26100,26400,25550,26350,321953
20180423,26500,26800,25850,26050,639105
20180420,27100,27100,26300,26850,373945
20180419,27000,27650,26700,26900,538486
20180418,26500,27000,26050,26850,432483
20180417,27000,27050,26000,26300,520217
20180416,27800,27850,26600,26800,423915
20180413,27900,27900,27150,27600,332445
20180412,27250,27900,27150,27650,691979
20180411,27800,28150,26600,26650,561122
20180410,27000,27800,25850,27450,790234
20180409,27300,27550,26600,27200,634433
20180406,27750,28600,27550,27900,942782
20180405,26300,27900,26100,27450,1298023
20180404,25500,26500,25250,25600,799954
20180403,25900,26150,25100,25400,1033372
20180402,27150,27400,25950,26600,1180914
20180330,28300,28450,26950,27600,887019
20180329,28300,28300,27100,27950,685283
20180328,28200,28850,27600,28000,819856
20180327,29000,29850,28200,28750,1282125
20180326,28350,29550,28100,29000,1581600
20180323,26950,30550,26300,28200,4431638
20180322,27600,28150,26700,27250,1134410
20180321,27200,27550,26600,27200,720831
20180320,25350,26750,25300,26650,1204514
20180319,25750,25850,25050,25300,408384
20180316,26500,26700,25900,26050,534923
20180315,25000,26750,24600,26750,1052395
20180314,26650,26800,25100,25400,1142877
20180313,28350,28400,26000,27150,1340094
20180312,27150,27900,27150,27650,455958
20180309,27400,28250,26650,27050,1003745
20180308,26650,27350,26500,26900,817981
20180307,26350,28500,25550,26350,1482881
20180306,24200,26150,24150,26100,1267727
20180305,25000,25050,23650,23650,497179
20180302,24550,24900,24200,24550,529671
20180228,25100,26100,24400,25000,733648
20180227,25300,25600,24350,24950,604300
20180226,25000,26300,23800,24950,961537
20180223,22900,25200,22900,24500,1670749
20180222,23000,23550,22150,22750,1109215
20180221,21600,22600,21100,22600,730556
20180220,21850,22550,21000,21300,639380
20180219,20800,22150,20450,21850,858005
20180214,19000,20100,18950,20050,306984
20180213,19700,19700,18850,18950,410507
20180212,21050,21050,19150,19500,1020228
20180209,20500,21000,20050,20600,632150
20180208,21050,21900,20300,21450,964180
20180207,22950,23000,20750,20900,686588
20180206,20800,23200,20400,22000,1303247
20180205,22550,23200,22000,22000,789143
20180202,22900,24500,22550,23350,928458
20180201,24600,24600,23050,23450,689135
20180131,23250,24350,22100,24250,1368908
20180130,23200,24500,22850,23750,1859129
20180129,22000,22500,21600,22450,953737
20180126,21250,22550,21200,21650,1234474
20180125,19800,21350,19700,21150,1587988
20180124,19500,20000,19500,19800,769987
20180123,19650,19700,18800,19500,678050
20180122,18400,19500,18400,19400,1091237
20180119,17950,18400,17550,18100,244982
20180118,18400,18400,17600,17950,247380
20180117,19000,19000,17850,18150,728905
20180116,19200,19350,18350,19000,637656
20180115,17600,19200,17500,19100,1839224
20180112,16300,17550,16200,17300,905957
20180111,15750,16300,15750,15900,325226
20180110,15200,16450,15200,15900,426655
20180109,15800,15850,15200,15400,264053
20180108,16600,16600,15700,15900,284641
20180105,16600,16900,16200,16550,244282
20180104,17850,17850,16450,16500,526458
20180103,15450,17250,15350,17200,819973
20180102,14000,15400,13950,15350,382063
20171228,14150,14450,13900,13900,293878
20171227,14700,14750,13800,14050,402003
20171226,15200,15600,15000,15000,158344
20171222,14950,15100,14650,15100,128975
20171221,15000,15050,14600,14800,274353
20171220,15850,15900,15150,15200,343135
20171219,16500,16500,15850,15850,245977
20171218,16500,16600,16300,16450,130777
20171215,16900,17100,16500,16500,251933
20171214,17100,17200,16850,16900,177794
20171213,17100,17250,17050,17100,202687
20171212,17200,17400,17050,17100,107428
20171211,17100,17450,17000,17200,230005
20171208,17700,17750,17000,17100,233066
20171207,17700,18100,16950,17700,607045
20171206,17800,18100,16850,17700,692204
20171205,18250,18500,18000,18200,281997
20171204,17900,18300,17650,18200,340460
20171201,18100,18150,17600,17950,318965
20171130,17450,18250,17350,17950,997827
20171129,17000,17250,16750,17150,318148
20171128,17200,17450,16800,16800,540717
20171127,17700,17800,17300,17300,453551
20171124,17900,17900,17350,17400,483290
20171123,18650,18800,17900,17900,528601
20171122,17700,18750,17100,18400,759302
20171121,17900,17900,17600,17750,341039
20171120,18500,18550,17900,18000,400363
20171117,18400,18550,18100,18300,282594
20171116,18300,18550,18050,18350,398934
20171115,18850,18850,17800,18450,857023
20171114,19150,19200,18400,18850,696946
20171113,20350,20500,18950,19150,909247
20171110,20950,21350,19400,19750,1264200
20171109,21100,24650,20550,21000,4000619
20171108,18900,20850,18550,20500,2632812
20171107,18200,18900,17800,18800,972138
20171106,16700,18400,16650,18000,1427696
20171103,17550,17800,16850,17000,970801
20171102,18400,18650,17400,17700,950594
20171101,18350,19250,17950,18200,1362536
20171031,18800,19200,18200,18350,1872129
20171030,22400,22400,15700,19400,11060393
20171027,44800,44800,44800,44800,0
20171026,44800,44800,44800,44800,0
20171025,44800,44800,44800,44800,0
20171024,44800,44800,44800,44800,0
20171023,44800,44800,44800,44800,0
20171020,44800,44800,44800,44800,0
20171019,44800,44800,44800,44800,0
20171018,44800,44800,44800,44800,0
20171017,44800,44800,44800,44800,0
20171016,44800,44800,44800,44800,0
20171013,44800,44800,44800,44800,0
20171012,44800,44800,44800,44800,0
20171011,44800,44800,44800,44800,0
20171010,44800,44800,44800,44800,0
20170929,44800,44800,44800,44800,0
20170928,44800,44800,44800,44800,0
20170927,44800,44800,44800,44800,0
20170926,44800,44800,44800,44800,0
20170925,44800,44800,44800,44800,0
20170922,44800,44800,44800,44800,0
20170921,44800,44800,44800,44800,0
20170920,44800,44800,44800,44800,0
20170919,44800,44800,44800,44800,0
20170918,44800,44800,44800,44800,0
20170915,44800,44800,44800,44800,0
20170914,44800,44800,44800,44800,0
20170913,44800,44800,44800,44800,0
20170912,44800,44800,44800,44800,0
20170911,44800,44800,44800,44800,0
20170908,44800,44800,44800,44800,0
20170907,44800,44800,44800,44800,0
20170906,44800,44800,44800,44800,0
20170905,44800,44800,44800,44800,0
20170904,44800,44800,44800,44800,0
20170901,44800,44800,44800,44800,0
20170831,44800,44800,44800,44800,0
20170830,44800,44800,44800,44800,0
20170829,44800,44800,44800,44800,0
20170828,44800,44800,44800,44800,0
20170825,44800,44800,44800,44800,0
20170824,44800,44800,44800,44800,0
20170823,44800,44800,44800,44800,0
20170822,44800,44800,44800,44800,0
20170821,44800,44800,44800,44800,0
20170818,44800,44800,44800,44800,0
20170817,44800,44800,44800,44800,0
20170816,44800,44800,44800,44800,0
20170814,44800,44800,44800,44800,0
20170811,44800,44800,44800,44800,0
20170810,44800,44800,44800,44800,0
20170809,44800,44800,44800,44800,0
20170808,44800,44800,44800,44800,0
20170807,44800,44800,44800,44800,0
20170804,44800,44800,44800,44800,0
20170803,44800,44800,44800,44800,0
20170802,44800,44800,44800,44800,0
20170801,44800,44800,44800,44800,0
20170731,44800,44800,44800,44800,0
20170728,44800,44800,44800,44800,0
20170727,44800,44800,44800,44800,0
20170726,44800,44800,44800,44800,0
20170725,44800,44800,44800,44800,0
20170724,44800,44800,44800,44800,0
20170721,44800,44800,44800,44800,0
20170720,44800,44800,44800,44800,0
20170719,44800,44800,44800,44800,0
20170718,44800,44800,44800,44800,0
20170717,44800,44800,44800,44800,0
20170714,44800,44800,44800,44800,0
20170713,44800,44800,44800,44800,0
20170712,44800,44800,44800,44800,0
20170711,44800,44800,44800,44800,0
20170710,44800,44800,44800,44800,0
20170707,44800,44800,44800,44800,0
20170706,44800,44800,44800,44800,0
20170705,44800,44800,44800,44800,0
20170704,44800,44800,44800,44800,0
20170703,44800,44800,44800,44800,0
20170630,44800,44800,44800,44800,0
20170629,44800,44800,44800,44800,0
20170628,44800,44800,44800,44800,0
20170627,44800,44800,44800,44800,0
20170626,44800,44800,44800,44800,0
20170623,44800,44800,44800,44800,0
20170622,44800,44800,44800,44800,0
20170621,44800,44800,44800,44800,0
20170620,44800,44800,44800,44800,0
20170619,44800,44800,44800,44800,0
20170616,44800,44800,44800,44800,0
20170615,44800,44800,44800,44800,0
20170614,44800,44800,44800,44800,0
20170613,44800,44800,44800,44800,0
20170612,44800,44800,44800,44800,0
20170609,44800,44800,44800,44800,0
20170608,44800,44800,44800,44800,0
20170607,44800,44800,44800,44800,0
20170605,44800,44800,44800,44800,0
20170602,44800,44800,44800,44800,0
20170601,44800,44800,44800,44800,0
20170531,44800,44800,44800,44800,0
20170530,44800,44800,44800,44800,0
20170529,44800,44800,44800,44800,0
20170526,44800,44800,44800,44800,0
20170525,44800,44800,44800,44800,0
20170524,44800,44800,44800,44800,0
20170523,44800,44800,44800,44800,0
20170522,44800,44800,44800,44800,0
20170519,44800,44800,44800,44800,0
20170518,44800,44800,44800,44800,0
20170517,44800,44800,44800,44800,0
20170516,44800,44800,44800,44800,0
20170515,44800,44800,44800,44800,0
20170512,44800,44800,44800,44800,0
20170511,44800,44800,44800,44800,0
20170510,44800,44800,44800,44800,0
20170508,44800,44800,44800,44800,0
20170504,44800,44800,44800,44800,0
20170502,44800,44800,44800,44800,0
20170428,44800,44800,44800,44800,0
20170427,44800,44800,44800,44800,0
20170426,44800,44800,44800,44800,0
20170425,44800,44800,44800,44800,0
20170424,44800,44800,44800,44800,0
20170421,44800,44800,44800,44800,0
20170420,44800,44800,44800,44800,0
20170419,44800,44800,44800,44800,0
20170418,44800,44800,44800,44800,0
20170417,44800,44800,44800,44800,0
20170414,44800,44800,44800,44800,0
20170413,44800,44800,44800,44800,0
20170412,44800,44800,44800,44800,0
20170411,44800,44800,44800,44800,0
20170410,44800,44800,44800,44800,0
20170407,44800,44800,44800,44800,0
20170406,44800,44800,44800,44800,0
20170405,44800,44800,44800,44800,0
20170404,44800,44800,44800,44800,0
20170403,44800,44800,44800,44800,0
20170331,44800,44800,44800,44800,0
20170330,44800,44800,44800,44800,0
20170329,44800,44800,44800,44800,0
20170328,44800,44800,44800,44800,0
20170327,44800,44800,44800,44800,0
20170324,44800,44800,44800,44800,0
20170323,44800,44800,44800,44800,0
20170322,44800,44800,44800,44800,0
20170321,44800,44800,44800,44800,0
20170320,44800,44800,44800,44800,0
20170317,44800,44800,44800,44800,0
20170316,44800,44800,44800,44800,0
20170315,44800,44800,44800,44800,0
20170314,44800,44800,44800,44800,0
20170313,44800,44800,44800,44800,0
20170310,44800,44800,44800,44800,0
20170309,44800,44800,44800,44800,0
20170308,44800,44800,44800,44800,0
20170307,44800,44800,44800,44800,0
20170306,44800,44800,44800,44800,0
20170303,44800,44800,44800,44800,0
20170302,44800,44800,44800,44800,0
20170228,44800,44800,44800,44800,0
20170227,44800,44800,44800,44800,0
20170224,44800,44800,44800,44800,0
20170223,44800,44800,44800,44800,0
20170222,44800,44800,44800,44800,0
20170221,44800,44800,44800,44800,0
20170220,44800,44800,44800,44800,0
20170217,44800,44800,44800,44800,0
20170216,44800,44800,44800,44800,0
20170215,44800,44800,44800,44800,0
20170214,44800,44800,44800,44800,0
20170213,44800,44800,44800,44800,0
20170210,44800,44800,44800,44800,0
20170209,44800,44800,44800,44800,0
20170208,44800,44800,44800,44800,0
20170207,44800,44800,44800,44800,0
20170206,44800,44800,44800,44800,0
20170203,44800,44800,44800,44800,0
20170202,44800,44800,44800,44800,0
20170201,44800,44800,44800,44800,0
20170131,44800,44800,44800,44800,0
20170126,44800,44800,44800,44800,0
20170125,44800,44800,44800,44800,0
20170124,44800,44800,44800,44800,0
20170123,44800,44800,44800,44800,0
20170120,44800,44800,44800,44800,0
20170119,44800,44800,44800,44800,0
20170118,44800,44800,44800,44800,0
20170117,44800,44800,44800,44800,0
20170116,44800,44800,44800,44800,0
20170113,4480,4480,4480,4480,0
20170112,4480,4480,4480,4480,0
20170111,4480,4480,4480,4480,0
20170110,4480,4480,4480,4480,0
20170109,4480,4480,4480,4480,0
20170106,4480,4480,4480,4480,0
20170105,4480,4480,4480,4480,0
20170104,4480,4480,4480,4480,0
20170103,4480,4480,4480,4480,0
20170102,4480,4480,4480,4480,0
20161229,4480,4480,4480,4480,0
20161228,4480,4480,4480,4480,0
20161227,4480,4480,4480,4480,0
20161226,4480,4480,4480,4480,0
20161223,4480,4480,4480,4480,0
20161222,4480,4480,4480,4480,0
20161221,4480,4480,4480,4480,0
20161220,4480,4480,4480,4480,0
20161219,4480,4480,4480,4480,0
20161216,4480,4480,4480,4480,0
20161215,4480,4480,4480,4480,0
20161214,4480,4480,4480,4480,0
20161213,4480,4480,4480,4480,0
20161212,4480,4480,4480,4480,0
20161209,4480,4480,4480,4480,0
20161208,4480,4480,4480,4480,0
20161207,4480,4480,4480,4480,0
20161206,4480,4480,4480,4480,0
20161205,4480,4480,4480,4480,0
20161202,4480,4480,4480,4480,0
20161201,4480,4480,4480,4480,0
20161130,4480,4480,4480,4480,0
20161129,4480,4480,4480,4480,0
20161128,4480,4480,4480,4480,0
20161125,4480,4480,4480,4480,0
20161124,4480,4480,4480,4480,0
20161123,4480,4480,4480,4480,0
20161122,4480,4480,4480,4480,0
20161121,4480,4480,4480,4480,0
20161118,4480,4480,4480,4480,0
20161117,4480,4480,4480,4480,0
20161116,4480,4480,4480,4480,0
20161115,4480,4480,4480,4480,0
20161114,4480,4480,4480,4480,0
20161111,4480,4480,4480,4480,0
20161110,4480,4480,4480,4480,0
20161109,4480,4480,4480,4480,0
20161108,4480,4480,4480,4480,0
20161107,4480,4480,4480,4480,0
20161104,4480,4480,4480,4480,0
20161103,4480,4480,4480,4480,0
20161102,4480,4480,4480,4480,0
20161101,4480,4480,4480,4480,0
20161031,4480,4480,4480,4480,0
20161028,4480,4480,4480,4480,0
20161027,4480,4480,4480,4480,0
20161026,4480,4480,4480,4480,0
20161025,4480,4480,4480,4480,0
20161024,4480,4480,4480,4480,0
20161021,4480,4480,4480,4480,0
20161020,4480,4480,4480,4480,0
20161019,4480,4480,4480,4480,0
20161018,4480,4480,4480,4480,0
20161017,4480,4480,4480,4480,0
20161014,4480,4480,4480,4480,0
20161013,4480,4480,4480,4480,0
20161012,4480,4480,4480,4480,0
20161011,4480,4480,4480,4480,0
20161010,4480,4480,4480,4480,0
20161007,4480,4480,4480,4480,0
20161006,4480,4480,4480,4480,0
20161005,4480,4480,4480,4480,0
20161004,4480,4480,4480,4480,0
20160930,4480,4480,4480,4480,0
20160929,4480,4480,4480,4480,0
20160928,4480,4480,4480,4480,0
20160927,4480,4480,4480,4480,0
20160926,4480,4480,4480,4480,0
20160923,4480,4480,4480,4480,0
20160922,4480,4480,4480,4480,0
20160921,4480,4480,4480,4480,0
20160920,4480,4480,4480,4480,0
20160919,4480,4480,4480,4480,0
20160913,4480,4480,4480,4480,0
20160912,4480,4480,4480,4480,0
20160909,4480,4480,4480,4480,0
20160908,4480,4480,4480,4480,0
20160907,4480,4480,4480,4480,0
20160906,4480,4480,4480,4480,0
20160905,4480,4480,4480,4480,0
20160902,4480,4480,4480,4480,0
20160901,4480,4480,4480,4480,0
20160831,4480,4480,4480,4480,0
20160830,4480,4480,4480,4480,0
20160829,4480,4480,4480,4480,0
20160826,4480,4480,4480,4480,0
20160825,4480,4480,4480,4480,0
20160824,4480,4480,4480,4480,0
20160823,4480,4480,4480,4480,0
20160822,4480,4480,4480,4480,0
20160819,4480,4480,4480,4480,0
20160818,4480,4480,4480,4480,0
20160817,4480,4480,4480,4480,0
20160816,4480,4480,4480,4480,0
20160812,4480,4480,4480,4480,0
20160811,4480,4480,4480,4480,0
20160810,4480,4480,4480,4480,0
20160809,4480,4480,4480,4480,0
20160808,4480,4480,4480,4480,0
20160805,4480,4480,4480,4480,0
20160804,4480,4480,4480,4480,0
20160803,4480,4480,4480,4480,0
20160802,4480,4480,4480,4480,0
20160801,4480,4480,4480,4480,0
20160729,4480,4480,4480,4480,0
20160728,4480,4480,4480,4480,0
20160727,4480,4480,4480,4480,0
20160726,4480,4480,4480,4480,0
20160725,4480,4480,4480,4480,0
20160722,4480,4480,4480,4480,0
20160721,4480,4480,4480,4480,0
20160720,4480,4480,4480,4480,0
20160719,4480,4480,4480,4480,0
20160718,4480,4480,4480,4480,0
20160715,4480,4480,4480,4480,0
20160714,4475,4540,4385,4480,914742
20160713,4380,4625,4375,4510,1780024
20160712,4395,4430,4330,4370,483332
20160711,4270,4430,4255,4345,628938
20160708,4300,4315,4200,4255,641422
20160707,4220,4405,4220,4300,733499
20160706,4280,4450,4185,4235,916600
20160705,4290,4330,4255,4280,426232
20160704,4190,4300,4180,4285,617345
20160701,4165,4265,4165,4210,543507
20160630,4240,4740,4090,4230,3746031
20160629,4085,4215,4070,4215,723792
20160628,3970,4110,3895,4080,616701
20160627,3965,3980,3840,3975,1152265
20160624,4300,4340,4005,4085,1967459
20160623,4200,4370,4145,4260,982289
20160622,4060,4275,4055,4215,1183403
20160621,4140,4140,4065,4080,550792
20160620,4120,4170,4060,4095,1047424
20160617,4115,4160,4080,4140,758059
20160616,4245,4250,4050,4075,2459741
20160615,4420,4530,4380,4380,1440676
20160614,4680,4765,4530,4610,682047
20160613,4800,4800,4650,4680,1135923
20160610,4810,4920,4755,4865,1762344
20160609,5000,5080,4680,4725,3991682
20160608,4755,4910,4715,4820,2077773
20160607,4755,4900,4715,4885,1840819
20160603,4590,4840,4580,4705,1800036
20160602,4715,4935,4590,4610,2624200
20160601,4850,4870,4510,4575,2957669
20160531,4300,5230,4295,4890,10969065
20160530,4370,4370,4230,4290,953717
20160527,4505,4510,4345,4365,1063788
20160526,4400,4565,4400,4515,1003481
20160525,4380,4435,4360,4390,760920
20160524,4515,4525,4355,4355,678441
20160523,4565,4625,4470,4510,771205
20160520,4580,4700,4465,4560,855009
20160519,4715,4735,4530,4575,1217851
20160518,4715,4800,4685,4730,575114
20160517,4925,4945,4730,4755,1030558
20160516,4825,5130,4700,4945,833091
20160513,5000,5010,4810,4855,837207
20160512,4810,5030,4800,4990,826091
20160511,4940,4950,4855,4915,677385
20160510,4840,4945,4840,4905,678523
20160509,4950,4955,4770,4825,1976727
20160504,5300,5360,5100,5100,1849073
20160503,5430,5580,5370,5400,1280028
20160502,5570,5590,5330,5430,1176197
20160429,5480,5690,5410,5520,4296939
20160428,5320,5390,5180,5210,901037
20160427,5240,5370,5190,5320,1155493
20160426,4965,5290,4965,5150,1597523
20160425,5150,5200,4930,5080,1925495
20160422,5220,5310,5160,5300,1048706
20160421,5230,5380,5110,5310,1592194
20160420,5470,5530,5260,5270,1020334
20160419,5490,5630,5400,5440,1314903
20160418,5400,5460,5270,5400,1169425
20160415,5660,5670,5480,5520,1194450
20160414,5370,5680,5350,5680,2811328
20160412,5250,5680,5160,5320,3527369
20160411,5260,5390,5160,5200,1842633
20160408,4850,5160,4785,5060,2162046
20160407,4765,4950,4750,4845,967744
20160406,4895,4895,4720,4765,1016894
20160405,4900,4975,4820,4895,836080
20160404,5040,5080,4885,4920,1160812
20160401,5090,5100,5000,5030,750715
20160331,5150,5240,5030,5070,1054253
20160330,5240,5260,5120,5150,1086063
20160329,5150,5430,5130,5270,795327
20160328,5140,5240,5100,5210,626031
20160325,5350,5350,5130,5180,1425600
20160324,5160,5500,5050,5360,2184758
20160323,5590,5660,5400,5400,1701853
20160322,5510,5740,5410,5640,1203945
20160321,5700,5700,5450,5500,1268958
20160318,5720,5730,5560,5700,1171194
20160317,5700,5750,5610,5620,1170205
20160316,5890,5890,5510,5610,1961721
20160315,6000,6000,5760,5820,2016890
20160314,6050,6150,5930,6010,1831655
20160311,6220,6300,5960,6120,2546897
20160310,5930,6310,5910,6180,6268226
20160309,5450,5970,5370,5870,6325377
20160308,5700,5920,5320,5550,11066739
20160307,5450,6350,5290,6040,12756797
20160304,4905,5340,4900,5290,4490965
20160303,4440,5350,4440,4870,8484995
20160302,4285,4460,4275,4440,1086217
20160229,4375,4385,4250,4255,988665
20160226,4445,4445,4385,4400,420688
20160225,4500,4510,4410,4420,632756
20160224,4480,4580,4430,4495,595911
20160223,4550,4565,4455,4490,530721
20160222,4480,4575,4400,4505,674270
20160219,4440,4535,4440,4475,583690
20160218,4465,4560,4415,4440,982751
20160217,4475,4490,4280,4370,1480194
20160216,4370,4780,4255,4545,2344167
20160215,4250,4415,4240,4330,1091602
20160212,4120,4430,4060,4180,1424897
20160211,4015,4265,4005,4160,747458
20160205,4240,4335,4180,4270,814940
20160204,4070,4265,4025,4210,1304115
20160203,4200,4200,3980,4045,1566899
20160202,4100,4970,4025,4265,5626241
20160201,4205,4230,4095,4105,843998
20160129,4105,4280,4070,4195,1702811
20160128,4000,4095,3900,4060,1146358
20160127,4000,4090,3965,3980,1148566
20160126,4160,4165,3940,3960,2217982
20160125,4535,4535,3830,4165,5379895
20160122,4515,4635,4510,4595,845525
20160121,4410,4645,4405,4510,1016467
20160120,4600,4680,4450,4530,1138610
20160119,4845,4850,4655,4680,1195295
20160118,4675,4815,4670,4805,640384
20160115,4880,4925,4680,4710,1027773
20160114,4745,4835,4675,4800,1070041
20160113,4800,4925,4800,4845,982868
20160112,5030,5030,4800,4815,791319
20160111,5110,5120,4925,4940,1034129
20160108,4800,5200,4700,5200,1825875
20160107,4940,5020,4830,4845,1026799
20160106,4980,5040,4950,4955,1019931
20160105,4995,5090,4995,5010,690790
20160104,5060,5090,4985,4995,673636
20151230,5140,5140,5060,5070,642218
20151229,5130,5160,5090,5140,649490
20151228,5270,5290,5150,5150,782018
20151224,5240,5270,5180,5240,684235
20151223,5210,5310,5130,5160,911491
20151222,5180,5230,5110,5110,827525
20151221,5200,5240,5150,5200,583835
20151218,5130,5270,5080,5230,680266
20151217,5240,5310,5130,5190,547034
20151216,5100,5260,5090,5200,867568
20151215,5100,5160,4970,5080,992174
20151214,5230,5250,5060,5080,980399
20151211,5620,5620,5310,5320,1111390
20151210,5250,5640,5230,5640,1556389
20151209,5400,5510,5250,5310,926982
20151208,5530,5630,5360,5410,1225729
20151207,5640,5740,5500,5530,1213414
20151204,5760,5830,5630,5650,1534575
20151203,5900,5960,5800,5830,1416652
20151202,6070,6110,5930,5970,1341959
20151201,6160,6210,6030,6030,1272355
20151130,6500,6540,6080,6080,10017831
20151127,6460,6790,6440,6560,1630046
20151126,6120,6580,6120,6460,2999627
20151125,6050,6120,5990,6120,693055
20151124,6020,6080,5980,6000,462142
20151123,6030,6200,5970,6020,1193841
20151120,5950,6090,5950,6030,473711
20151119,5960,6160,5870,6010,1343486
20151118,6010,6030,5800,5840,1026976
20151117,5950,6050,5810,5970,935432
20151116,5050,6100,5000,5890,4086938
20151113,6390,6480,6270,6290,1435565
20151112,6310,6530,6210,6500,1241387
20151111,6590,6600,6360,6360,1003836
20151110,6330,6670,6330,6490,1644342
20151109,6560,6560,6380,6420,1445944
20151106,6520,6680,6520,6580,1242917
20151105,6700,6770,6600,6680,2095456
20151104,6870,6920,6710,6830,2713439
20151103,6550,8350,6450,7030,23795820
20151102,6670,6850,6230,6530,2054638
20151030,7340,7400,6900,6940,3702949
20151029,7100,7120,6820,6820,1647773
20151028,7170,7220,6940,6990,1581988
20151027,7310,7420,7010,7130,3810328
20151026,6740,6990,6490,6960,1744986
20151023,6700,6890,6300,6750,1554130
20151022,7020,7030,6630,6790,2203740
20151021,7060,7320,7010,7140,2087502
20151020,6900,7010,6710,6960,1393394
20151019,6770,6990,6730,6890,1848869
20151016,6650,6710,6470,6700,1251561
20151015,6360,6710,6350,6550,1573625
20151014,6610,6660,6410,6440,1119107
20151013,6600,6870,6500,6700,1683381
20151012,6210,6680,6180,6620,2167349
20151008,6300,6500,6280,6390,1519043
20151007,6240,6390,6140,6300,1240806
20151006,6280,6380,6200,6270,1150067
20151005,6220,6310,6110,6220,1172047
20151002,6410,6480,6190,6220,1600129
20151001,6370,6540,6310,6410,991258
20150930,6500,6550,5860,6370,3096128
20150925,6730,6950,6680,6750,1268028
20150924,6740,6830,6660,6730,1033120
20150923,6920,7010,6800,6800,1028996
20150922,6900,7150,6800,7040,1245237
20150921,7110,7130,6870,6940,1286316
20150918,7270,7320,7150,7210,966845
20150917,7360,7480,7140,7250,1676961
20150916,7150,7540,7150,7330,2934498
20150915,7190,7210,7050,7140,972511
20150914,7110,7570,6980,7190,2624605
20150911,7320,7320,7100,7150,2114719
20150910,6790,7300,6750,7300,4201347
20150909,6750,6820,6650,6790,2007990
20150908,6510,6610,6510,6530,779828
20150907,6580,6660,6480,6530,792463
20150904,6550,6740,6400,6580,1439424
20150903,6750,6850,6500,6540,1175087
20150902,6500,6770,6410,6690,1069758
20150901,6890,7050,6560,6600,2656349
20150831,6350,6800,6350,6730,3167663
20150828,6120,6350,6100,6330,1897497
20150827,6210,6240,6000,6080,1659370
20150826,6050,6270,6030,6140,1734565
20150825,5740,6250,5700,6080,3272868
20150824,5700,5990,5630,5750,2411007
20150821,5650,5830,5580,5750,2262699
20150820,5820,6190,5820,5970,1876234
20150819,6310,6350,5960,6000,2804537
20150818,6620,6680,6450,6470,1460546
20150817,6700,6760,6580,6610,994632
20150813,6830,6830,6510,6650,2048744
20150812,6590,7030,6550,6710,3817264
20150811,6530,6630,6440,6550,2057923
20150810,6780,6810,6420,6420,2540992
20150807,6810,6900,6770,6770,1451117
20150806,7050,7100,6820,6820,2035395
20150805,7050,7140,6930,7010,1639337
20150804,6980,7170,6900,6970,1912927
20150803,6900,7360,6750,7010,2932270
20150731,7000,7160,6760,6940,3658114
20150730,7350,7480,6870,7100,4857225
20150729,7630,7770,7490,7550,2468049
20150728,7350,7930,7350,7630,6166089
20150727,7270,7940,6920,7520,5770437
20150724,7850,7960,7440,7640,3843649
20150723,8400,8420,7900,8020,3382287
20150722,8640,8940,8130,8290,7869132
20150721,7500,8980,7500,8520,24210421
20150720,7750,7890,7410,7450,7525471
20150717,8350,8460,7850,7980,9939866
20150716,8080,8430,7480,8180,31451115
20150715,11000,11250,8750,8750,39078140
20150714,13250,13300,12500,12500,4892689
20150713,13150,13400,13050,13300,1340454
20150710,13550,13600,13150,13200,1579925
20150709,13200,13400,12950,13400,1544455
20150708,13950,14000,13350,13400,1874940
20150707,13350,13850,13200,13850,1651540
20150706,13400,13600,13250,13250,1579638
20150703,13900,14050,13600,13800,1385571
20150702,14150,14250,13750,13850,1894048
20150701,13450,14750,13400,14150,4775648
20150630,12950,13350,12950,13300,2136101
20150629,13400,13600,13050,13050,2715605
20150626,14200,14500,14000,14000,1782753
20150625,14300,14650,14200,14400,1891300
20150624,14250,14450,13950,14350,2045006
20150623,14100,14600,14050,14300,4050705
20150622,13550,13900,13550,13600,2372877
20150619,13800,13900,13550,13550,2390041
20150618,14200,14300,13650,13650,2124645
20150617,13950,14200,13750,14100,2320927
20150616,14200,14500,13800,13900,2733984
20150615,14400,14850,14250,14350,1637053
20150612,15150,15200,14650,14650,2468602
20150611,15550,15600,14550,15200,5308187
20150610,15900,15950,15300,15350,2056325
20150609,15800,16150,15650,15750,1325915
20150608,15800,16100,15650,15900,1181472
20150605,15800,15950,15650,15800,1193062
20150604,16450,16500,15750,15950,2312963
20150603,15800,16750,15700,16300,3526356
20150602,16150,16300,15600,15600,1888291
20150601,16000,16200,15800,16100,1157423
20150529,16150,16350,15850,16000,2156309
20150528,16550,16600,16000,16000,2213321
20150527,16600,16600,16200,16350,2173290
20150526,17200,17300,16700,16750,1923477
20150522,16400,17450,16350,17250,3534151
20150521,16650,16750,16250,16300,2521251
20150520,17100,17150,16500,16750,2744455
20150519,17100,17500,16950,17050,2182029
20150518,17150,17400,16850,17100,3429053
20150515,18000,18100,17700,17800,1422975
20150514,18200,18200,17750,17950,1331047
20150513,17700,18100,17600,18050,1666337
20150512,17750,17900,17550,17700,1369409
20150511,17850,18050,17650,17800,2227381
20150508,17700,17900,17400,17450,1567826
20150507,17900,18000,17100,17550,2378766
20150506,17900,18250,17800,17850,1655763
20150504,18150,18400,18000,18050,2014663
20150430,18500,18500,18050,18150,1885420
20150429,19900,19950,18500,18600,4834063
20150428,19450,20150,19450,19900,3355663
20150427,19400,19700,19300,19450,1469626
20150424,19650,19800,19100,19300,1358143
20150423,19450,19700,19050,19550,1929077
20150422,19550,19800,19000,19250,2124233
20150421,19950,20300,19500,19550,2497138
20150420,19350,19900,19250,19750,2202090
20150417,20550,20550,19550,19700,3221011
20150416,20700,21100,20100,20350,5582267
20150415,20300,20400,19850,20050,2567610
20150414,20150,20200,19650,20000,3172470
20150413,19100,20100,18950,20000,5720399
20150410,18500,18950,18400,18850,2691041
20150409,18600,18750,18200,18450,2875155
20150408,18650,19000,18350,18750,3621489
20150407,18800,19100,18300,18500,3920610
20150406,18100,18500,17900,18200,2710176
20150403,17850,18200,17750,18100,1171254
20150402,17950,18000,17600,17900,1136193
20150401,18100,18200,17500,17850,2114524
20150331,18050,18400,18000,18100,1716637
20150330,18300,18300,17750,17850,2069277
20150327,18600,18700,18100,18300,1350484
20150326,18250,18450,18100,18250,1447220
20150325,18600,18800,18150,18200,1633208
20150324,19000,19050,18500,18600,1863318
20150323,19250,19400,18950,19150,1721099
20150320,18850,18950,18550,18950,1369024
20150319,18700,19300,18650,18950,3663608
20150318,18350,18450,17900,18150,2299100
20150317,18200,18500,18100,18400,1867026
20150316,18850,18900,17900,18000,3741198
20150313,18950,19200,18750,19050,1453460
20150312,19300,19500,18750,18800,2453954
20150311,19250,19450,18950,19250,1950308
20150310,20300,20450,19350,19700,2594718
20150309,20600,20600,19900,19900,2142383
20150306,20450,20950,20350,20800,1498994
20150305,20650,20900,20200,20300,1716273
20150304,21100,21550,20600,20750,2412681
20150303,21750,21750,20800,20950,2576728
20150302,20500,21650,20350,21600,3636762
20150227,20500,20850,20200,20250,2201379
20150226,19200,20550,19050,20450,4215464
20150225,18600,19300,18600,19100,1795564
20150224,18600,18750,18100,18550,1864401
20150223,18900,18950,18650,18650,1000691
20150217,18650,18950,18500,18800,1202289
20150216,19150,19200,18550,18750,1307255
20150213,19250,19300,18850,18950,1560376
20150212,18750,19050,18450,19000,1991031
20150211,19100,19500,18500,18650,3250463
20150210,20450,20900,18850,19000,4971739
20150209,19850,20350,19500,20350,1408728
20150206,20000,20000,19600,19750,885478
20150205,19300,19800,19250,19750,1176206
20150204,20400,20550,19600,19600,3801839
20150203,20650,20650,19850,19850,1944826
20150202,20000,20800,19550,20000,3281449
20150130,19850,19950,19000,19500,1715460
20150129,19700,19950,19500,19550,1549454
20150128,19800,20300,19700,20150,3036184
20150127,19050,20000,19050,19950,2957683
20150126,18200,19200,17850,18900,2140489
20150123,19350,19400,18200,18350,3097283
20150122,17750,18800,17700,18500,3544498
20150121,17700,17800,17200,17350,1519046
20150120,17850,18400,17700,17900,1618670
20150119,16700,18100,16700,18000,3051972
20150116,16800,16800,16300,16500,1542428
20150115,17250,17300,16800,16900,926347
20150114,16900,17350,16900,17150,1143877
20150113,17150,17300,16800,17000,1093175
20150112,17400,17500,17150,17200,1078257
20150109,17350,17750,17050,17400,2734119
20150108,17450,17600,17000,17000,1551873
20150107,16700,17400,16700,17300,1604279
20150106,17700,17900,16850,16950,2889450
20150105,18750,18750,18200,18200,1382777
20150102,18600,18900,18550,18750,957285
20141230,18800,19300,18650,18650,1338244
20141229,19400,19500,18750,18850,832322
20141226,19650,19900,19300,19300,840355
20141224,19350,19600,19150,19500,803612
20141223,19650,19650,19150,19250,799592
20141222,19650,19750,19300,19600,735010
20141219,19650,19700,19200,19550,1285864
20141218,19600,19950,18600,19050,2025775
20141217,18900,19550,18850,19100,1602757
20141216,19100,19150,18650,18850,2062879
20141215,18350,19450,18150,19250,2490171
20141212,18950,19100,18550,18750,1049889
20141211,18400,19150,18350,18800,1555346
20141210,19050,19300,18550,18900,1148320
20141209,19800,19850,19050,19150,2144409
20141208,20100,20350,20000,20100,937471
20141205,19700,20250,19450,19800,1216715
20141204,19400,20300,19300,19750,2501439
20141203,19000,19300,18600,19250,1203942
20141202,18850,19350,18850,19100,1804787
20141201,18800,18900,17800,18600,3236268
20141128,20600,20750,19150,19300,4388467
20141127,21400,21400,20700,20900,1913472
20141126,22300,22350,21300,21350,1938987
20141125,22600,22750,22000,22200,1716996
20141124,21600,22700,21550,22500,3509731
20141121,21050,21850,21050,21250,1588704
20141120,20850,21250,20500,20950,1523851
20141119,22250,22300,20600,20750,3443503
20141118,22100,22450,21600,22100,2095026
20141117,21250,22100,21100,21800,1868458
20141114,21150,21550,20350,21250,2305323
20141113,21900,22200,20900,21150,2388016
20141112,20250,22250,19850,21700,3911936
20141111,20600,20650,20100,20300,1252276
20141110,20350,20800,19900,20550,2139278
20141107,19600,20300,19300,20100,2455629
20141106,18350,19950,18300,19550,4784519
20141105,18750,19250,18000,18150,1971998
20141104,18850,19500,18200,18750,2997814
20141103,18650,19200,18450,18800,2983961
20141031,17050,18450,16350,18300,5574779
20141030,19000,19200,17500,17750,4005657
20141029,17400,19550,17200,18900,5744852
20141028,17100,17350,16800,17050,1628372
20141027,16150,17200,16150,17050,3097854
20141024,16050,16150,15350,15850,1807777
20141023,16550,16650,15800,15900,1984057
20141022,17200,17300,16200,16650,1977641
20141021,17500,17500,16500,16800,2350436
20141020,17200,17650,17200,17550,1941302
20141017,16650,17250,16500,16900,1691305
20141016,16150,16850,15900,16550,1847341
20141015,17300,17350,16400,16450,2818342
20141014,17150,17600,16950,17300,2331340
20141013,16850,17150,16550,16950,1394490
20141010,17400,17450,16700,16850,1717000
20141008,17650,18300,17200,17350,3108527
20141007,18800,18950,17650,17800,2848644
20141006,18750,19300,18550,18750,1656855
20141002,19050,19250,18350,18600,2763864
20141001,20200,20400,19350,19350,1777399
20140930,19900,20400,19600,20300,2268923
20140929,20950,20950,19850,20000,2563056
20140926,20800,21350,20550,20900,1471289
20140925,22200,22300,20850,21000,2984042
20140924,22100,22350,21950,22050,891688
20140923,22100,22400,21950,22100,876885
20140922,23100,23200,22150,22250,1610192
20140919,23250,23500,23050,23100,642802
20140918,23300,23400,22950,23000,663602
20140917,23550,23750,23150,23300,757786
20140916,22950,23650,22950,23350,966972
20140915,22650,23050,22650,22950,649565
20140912,22900,23050,22450,22750,1393204
20140911,23200,23400,22800,22800,1591915
20140905,23700,23800,23350,23450,912076
20140904,24250,24600,23900,23900,763936
20140903,23800,24550,23750,24100,939506
20140902,24550,24650,23800,23950,802603
20140901,24950,25100,24400,24550,1154896
20140829,23950,25000,23900,24850,1891669
20140828,23900,24250,23800,23950,1054436
20140827,23650,23950,23250,23850,967393
20140826,22900,23750,22850,23600,1496709
20140825,22600,23100,22500,22550,1057044
20140822,22950,23400,22850,22950,864650
20140821,23300,23500,22650,22950,1514138
20140820,24450,24650,23150,23500,2514490
20140819,24500,24550,24050,24350,1065847
20140818,25300,25450,24300,24350,1492441
20140814,24950,25500,24450,25250,1614918
20140813,24800,25300,24750,24850,881868
20140812,24400,25200,24350,24600,1397473
20140811,24350,24550,24050,24100,621860
20140808,24050,24350,23950,24050,1090065
20140807,24300,24650,23900,24050,1183783
20140806,25100,25150,23950,24300,2024758
20140805,25450,25450,25000,25200,769099
20140804,25350,25600,25050,25450,806002
20140801,24600,25450,24600,25250,1187162
20140731,25300,25700,24850,24850,2019875
20140730,25600,25850,24900,25300,3419528
20140729,26900,27550,26700,26800,1925829
20140728,26600,26950,26350,26650,1040814
20140725,26850,26900,26050,26300,974817
20140724,26400,27700,26300,26650,3752773
20140723,24700,26300,24650,26300,3259629
20140722,25050,25100,24450,24550,1148737
20140721,25250,25300,24800,25050,799251
20140718,24700,25300,24650,25000,1098939
20140717,24900,25200,24700,24950,1000533
20140716,24300,25250,24250,24600,2045962
20140715,24050,24400,24000,24200,1047195
20140714,24050,24300,23700,23950,1214097
20140711,25050,25150,23600,23950,3752402
20140710,26400,26450,24900,25100,2087058
20140709,25550,26150,25250,26100,1609542
20140708,26100,26250,25400,25800,1268928
20140707,26450,26450,25500,25550,1583827
20140704,27300,27500,26600,26750,1247398
20140703,26250,27050,26100,26800,1318289
20140702,26200,26550,26150,26300,1544474
20140701,25800,25950,25550,25800,893549
20140630,25300,25800,25150,25700,1277428
20140627,25250,26000,25100,25550,1200652
20140626,25200,25450,24900,25300,1161197
20140625,25450,25650,25100,25100,978809
20140624,25550,25850,25200,25500,1017331
20140623,26300,26400,25600,25700,741811
20140620,26500,26550,25850,26200,799292
20140619,26200,26650,26050,26400,758299
20140618,26450,26500,25350,25850,1102226
20140617,26050,26550,25950,26250,860543
20140616,27050,27100,26100,26200,1238136
20140613,27200,27250,26550,27250,641665
20140612,27400,27450,26850,27200,870456
20140611,27200,27650,27100,27550,1147019
20140610,27000,27700,26550,27100,1368346
20140609,25950,27050,25800,26900,2020373
20140605,25150,25650,24600,25600,2585645
20140603,27050,27100,25000,25150,2493671
20140602,26800,27250,26600,27150,729391
20140530,27150,27250,26550,26850,1387771
20140529,27750,27800,26850,27200,1165423
20140528,27750,27900,27350,27600,1093734
20140527,28300,28550,27600,27700,1020966
20140526,27950,28500,27750,28300,1364684
20140523,28200,28200,27550,27800,1280396
20140522,27250,28250,27150,28100,1787869
20140521,26300,27150,26250,27000,1319284
20140520,27250,27300,26100,26400,1629905
20140519,27550,27850,27100,27250,945057
20140516,27850,27900,27300,27550,1071054
20140515,27900,28500,27750,28050,1247768
20140514,28000,28150,27650,27800,908990
20140513,27300,28050,27200,27800,1963758
20140512,28550,28900,26950,27050,3115820
20140509,29500,29550,28800,29300,953431
20140508,28050,29800,28050,29500,1423733
20140507,28700,28800,27900,28000,956926
20140502,29900,30100,28350,28450,1829765
20140430,30750,30900,29900,29900,982775
20140429,30500,30800,30150,30700,907840
20140428,29800,30550,29600,30500,734418
20140425,30100,30700,29950,30150,986933
20140424,30200,30400,29750,29900,725686
20140423,30600,31150,30000,30300,1751769
20140422,31150,31350,30850,31300,469300
20140421,31500,31550,31100,31100,469482
20140418,30800,31600,30800,31550,829283
20140417,31150,31300,30550,30700,786379
20140416,31050,31150,30500,30700,1080473
20140415,32150,32200,30800,30800,1446867
20140414,32150,32500,31950,31950,577577
20140411,32200,32550,32100,32300,768793
20140410,33800,34000,32750,32750,1983242
20140409,32750,33000,32250,32900,1029132
20140408,32400,32700,32050,32700,679635
20140407,32000,32650,31800,32650,787898
20140404,32200,32550,31900,32400,821228
20140403,32750,32950,32350,32400,673273
20140402,32850,32950,32450,32600,1013096
20140401,32200,32800,31800,32800,1424563
20140331,31450,32200,31450,32000,1156580
20140328,31250,31450,30800,31300,764532
20140327,31800,32050,30950,31250,877553
20140326,32150,32250,31400,31700,751171
20140325,31500,32350,31400,31750,1103690
20140324,30500,32000,30450,31750,1397547
20140321,30250,30800,30250,30350,682035
20140320,30850,30850,30000,30000,951150
20140319,31200,31550,30650,31000,1084438
20140318,31750,31850,30800,30900,1571190
20140317,29300,31150,29250,31000,2225091
20140314,29600,30300,29450,29650,1875252
20140313,31100,31150,29850,30100,2629741
20140312,32000,32150,30300,30850,2448488
20140311,32800,32950,31900,32200,1117046
20140310,33300,33600,32500,32600,942896
20140307,34000,34400,33500,33650,557815
20140306,34100,34150,33650,33700,506266
20140305,33700,34400,33650,34100,1214099
20140304,32750,33550,32750,33300,1223815
20140303,32600,33300,32250,33000,1111343
20140228,34600,34750,32750,32850,2734497
20140227,35850,35950,34300,34600,1758918
20140226,35450,36350,34700,36100,1254907
20140225,36200,36300,35350,35650,1153476
20140224,35200,36000,34950,35700,1072357
20140221,34550,35300,34200,35250,852629
20140220,34500,35250,34050,34050,887670
20140219,34000,34900,33900,34800,1231970
20140218,34300,34400,33750,34250,758761
20140217,33500,34450,33450,34300,1278221
20140214,33350,33750,32800,32950,1577822
20140213,33950,34200,33200,33250,516762
20140212,34550,34550,33700,33900,623976
20140211,34000,34550,33550,34000,760859
20140210,32850,34100,32650,34000,996122
20140207,33550,33750,32500,32550,1000381
20140206,32600,33500,32600,33050,599031
20140205,32750,33150,32450,32500,752604
20140204,32800,32850,31800,32300,1478219
20140203,33550,33900,32700,32800,1673438
20140129,34050,34850,34000,34500,853144
20140128,34200,34400,33150,34050,1768702
20140127,34750,35000,34200,34450,1480773
20140124,36450,36450,35100,35950,1135318
20140123,36950,37050,36100,36100,598754
20140122,36950,37300,36600,36700,640242
20140121,36500,37750,36300,37200,1376809
20140120,36700,36750,35800,36400,965333
20140117,37100,37500,36650,37000,1563693
20140116,36600,37000,36350,36800,1889010
20140115,35800,36900,35350,36800,1144826
20140114,35050,35850,35000,35400,519915
20140113,35500,35750,34550,35350,702637
20140110,36750,36750,35100,35400,1113086
20140109,36800,37350,36500,36500,719537
20140108,36800,37200,36250,36800,1014941
20140107,35350,36850,35050,36800,1523023
20140106,34800,35500,34650,35350,882971
20140103,34750,34850,33600,34600,804903
20140102,35400,36150,34750,34900,1170022
20131230,34800,35000,34250,35000,525345
20131227,33900,34700,33900,34700,544057
20131226,35000,35050,33800,34000,888793
20131224,34500,34800,34200,34750,746715
20131223,34300,34700,33900,34100,592860
20131220,34900,34950,33750,34000,807965
20131219,36050,36100,34500,34700,827368
20131218,35300,35750,34700,35200,830984
20131217,34600,35350,34550,35300,1056915
20131216,33000,34400,32900,34150,1013920
20131213,33900,33900,32400,32850,1113019
20131212,33250,34100,33150,33800,708983
20131211,34100,34500,33050,33500,1022608
20131210,34950,35000,33950,34200,1021091
20131209,34800,35550,34750,35000,976448
20131206,33500,34550,33250,34200,970277
20131205,34150,34800,33000,33650,1746567
20131204,35200,35450,34150,34200,1211034
20131203,35150,35850,35150,35500,797533
20131202,36700,36700,35350,35450,1149261
20131129,36850,37200,36400,36700,710107
20131128,36850,37300,36600,36800,1217605
20131127,36250,36850,36100,36850,1005199
20131126,36150,36400,35550,36250,945490
20131125,36600,37200,35800,35950,1453725
20131122,37600,37650,36000,36300,1716609
20131121,37500,37700,36500,37100,1999322
20131120,36350,37600,36050,37050,12848744
20131119,37400,38550,36850,37000,1944431
20131118,37300,37450,36550,37300,1026830
20131115,34900,37000,34900,36950,2172075
20131114,35300,35550,33900,34150,1330251
20131113,35850,36750,34400,34700,1617451
20131112,35400,36100,35350,35950,1074270
20131111,35400,36150,34700,35050,1244198
20131108,34100,35700,33550,34850,1103698
20131107,35150,35150,34100,34150,587199
20131106,34100,35000,33800,34850,1069010
20131105,33900,34700,33500,34050,734907
20131104,33700,35150,33200,33900,1128991
20131101,33550,34100,32850,34100,1051743
20131031,34500,34650,33100,33450,2665358
20131030,35800,35950,34900,35400,639375
20131029,35200,36250,34800,35500,1209200
20131028,34600,35350,33500,35050,1741237
20131025,36650,36650,34400,34600,2002942
20131024,35250,36650,35250,36550,1338153
20131023,37450,37550,34850,35150,1657726
20131022,37050,37500,36300,37100,1265746
20131021,37550,38250,36600,37300,1151047
20131018,38500,38750,37050,37800,1153724
20131017,37700,38850,37650,38400,1837844
20131016,36800,37900,36750,37000,992442
20131015,36100,37450,30400,36800,1549652
20131014,35800,36200,35500,35750,657758
20131011,35650,35650,35150,35600,660769
20131010,35350,35500,34900,35100,553807
20131008,34000,35400,33750,35350,1015260
20131007,34000,34400,33600,34000,438801
20131004,34150,34150,33250,34000,714404
20131002,34700,34700,34000,34250,559964
20131001,34500,34900,33600,34150,769094
20130930,34300,34850,34050,34600,826105
20130927,34100,34850,34000,34650,1238028
20130926,32900,34050,32900,33850,1551243
20130925,32700,33600,32600,32850,954025
20130924,33750,33800,32350,33000,1467417
20130923,34350,34950,33900,34100,1008795
20130917,33200,34200,32800,33950,1220104
20130916,32650,33500,32600,33050,1123394
20130913,32650,32900,32050,32300,1170158
20130912,33400,33500,32500,32950,982698
20130911,33000,33250,32400,33250,1214295
20130910,32000,33450,31850,32800,2310243
20130909,30750,31850,30650,31800,2373153
20130906,30650,30950,30250,30350,893465
20130905,30750,30850,30350,30600,851076
20130904,30350,30800,29950,30500,1252718
20130903,29800,30650,29750,30200,1381025
20130902,29650,29900,28950,29400,968469
20130830,29800,29900,29450,29650,855241
20130829,30200,30250,29400,29550,943604
20130828,29750,30300,29600,29900,1061301
20130827,30000,30900,29950,30050,1444862
20130826,29900,30200,29500,30100,1079264
20130823,28900,29900,28550,29700,1348179
20130822,29000,29000,28350,28500,813443
20130821,29650,29900,28850,29200,1198399
20130820,28850,30050,28750,29300,2264435
20130819,28100,29250,28000,29000,2486336
20130816,27700,28100,27700,27950,1029755
20130814,28900,28900,27950,28250,1179187
20130813,28650,29000,28400,28700,707860
20130812,28300,28800,28000,28600,424681
20130809,28650,28950,28100,28450,512770
20130808,28100,29000,28050,28500,738410
20130807,27600,28250,27600,27950,555894
20130806,28700,28800,27600,28000,1348987
20130805,28350,28950,28050,28700,628559
20130802,29300,29400,28200,28200,1136273
20130801,29500,29550,28750,29050,835163
20130731,29500,29950,29300,29650,853625
20130730,29300,29500,29050,29300,367710
20130729,29300,29450,28700,29300,461466
20130726,28750,29900,28750,29200,826008
20130725,28950,29200,28500,28900,628074
20130724,29200,29500,28600,28950,610208
20130723,29900,30200,28800,29000,1135763
20130722,28700,30050,28600,29700,1392469
20130719,28500,29000,28250,28800,970891
20130718,28350,28550,27950,28200,650307
20130717,28550,28850,28050,28500,661680
20130716,28650,28950,28250,28250,1077079
20130715,27500,28550,27250,28250,969569
20130712,27600,28000,27250,27800,799314
20130711,27500,27700,27200,27550,1075256
20130710,27300,27750,27150,27250,1203445
20130709,26950,27450,26450,27200,1017134
20130708,26400,27200,26200,26650,2066643
20130705,26050,26350,25750,25800,1937684
20130704,24900,25250,24800,24850,607378
20130703,25600,26050,24400,24800,1089934
20130702,25350,25700,25150,25600,799072
20130701,25200,25650,25050,25250,704498
20130628,24500,25400,24350,25250,1023363
20130627,24200,24450,23900,24350,902382
20130626,24250,24350,23450,23700,547250
20130625,24000,24200,23550,23650,945660
20130624,24550,24600,24000,24000,799996
20130621,24550,24800,23950,24550,1513576
20130620,24600,25350,24600,25000,1536924
20130619,24600,25150,24600,25000,1346406
20130618,25100,25150,24450,24650,1131920
20130617,24950,25400,24400,25050,804570
20130614,25850,26100,24900,25200,854353
20130613,25300,25700,25050,25450,747840
20130612,25400,25700,25150,25450,578986
20130611,25400,25800,24950,25450,1405512
20130610,26700,26750,24450,25900,2682603
20130607,26700,27000,26200,26500,937351
20130605,27300,27350,26450,26750,1394399
20130604,26300,27200,26300,27200,2563281
20130603,25700,26400,25600,25950,1190058
20130531,25400,26200,25400,25750,1616724
20130530,25000,25250,24750,25150,678607
20130529,25300,25600,25100,25100,1147413
20130528,25200,25650,25000,25100,1372196
20130527,24250,25100,24150,24900,1458440
20130524,25000,25050,24050,24200,1787574
20130523,25700,25900,24700,24850,1524732
20130522,25500,25950,25500,25600,1174592
20130521,26000,26400,25700,25800,1050280
20130520,25550,26050,25300,25750,1908952
20130516,27100,27500,25550,25600,7358299
20130515,28400,29100,28200,28600,944168
20130514,28050,28400,27600,28400,892679
20130513,28000,28400,27550,28000,646804
20130510,28250,28900,27750,27950,1109112
20130509,26950,28400,26950,28400,1569712
20130508,27350,27350,26700,26950,450636
20130507,27200,27300,26650,26950,718097
20130506,26600,27250,26600,26900,994807
20130503,26200,26650,26100,26250,755639
20130502,26250,26500,25650,26000,696141
20130430,25550,26650,25500,26450,1190021
20130429,26350,26550,25250,25300,838361
20130426,26300,27000,25900,26150,1146502
20130425,26050,26350,25650,26100,573884
20130424,25950,26500,25850,26000,1047564
20130423,25400,25800,25300,25600,858415
20130422,24900,25550,24550,25250,1210044
20130419,24100,24750,23850,24700,950934
20130418,24200,24700,24000,24200,1024327
20130417,23850,24750,23000,24700,2453891
20130416,23850,24000,23250,23600,2242730
20130415,24650,24750,23650,24200,1875048
20130412,26550,26700,24300,24500,2989690
20130411,27300,27300,25900,26550,942985
20130410,26600,27100,26250,26900,821080
20130409,26750,27100,26050,26500,793507
20130408,25500,27050,25500,26750,1559120
20130405,26000,26300,25500,25800,784654
20130404,25650,26200,25000,26000,1140944
20130403,26800,26950,25500,25800,1496901
20130402,27500,27500,26450,26600,956677
20130401,27500,27750,27150,27400,463630
20130329,27700,27900,27250,27500,660601
20130328,28100,28250,27050,27400,1165997
20130327,28300,28400,27700,28000,557767
20130326,28100,28400,27850,27950,660838
20130325,27900,28600,27850,28100,1486644
20130322,27100,27400,26950,27150,1113359
20130321,27800,28050,27050,27250,1622377
20130320,28550,28750,27700,27900,1026020
20130319,28800,29050,28400,28500,774528
20130318,29350,29500,28450,28500,1094464
20130315,30150,30250,29150,29600,724107
20130314,29700,30000,29300,29950,478620
20130313,29950,30200,28950,29550,984493
20130312,30900,31000,29850,30100,777439
20130311,31000,31000,30400,30900,425372
20130308,30700,31200,30550,30900,567170
20130307,31000,31200,30300,30650,368944
20130306,30400,31400,30400,30800,1245486
20130305,30050,30300,29650,30000,629764
20130304,30100,30200,29750,29900,527387
20130228,30600,30700,30000,30050,1115724
20130227,30900,30950,30050,30150,757125
20130226,30700,31500,30600,30850,687700
20130225,31100,31400,30400,31100,911123
20130222,31350,31650,30750,30950,732267
20130221,31550,32100,31050,31150,759114
20130220,31000,32000,30950,31850,1378702
20130219,29800,30750,29800,30500,1018038
20130218,29750,30250,29500,29800,507697
20130215,29450,29700,29350,29600,453042
20130214,28850,29700,28850,29400,516323
20130213,28400,29300,28250,29100,636557
20130212,28700,28750,28100,28400,500542
20130208,28850,29250,28300,28550,845462
20130207,28400,28900,28100,28300,642625
20130206,28300,28450,27800,28000,643087
20130205,28400,28550,27850,28300,754651
20130204,29950,30150,28400,28850,932224
20130201,29800,29900,29200,29350,689576
20130131,29750,30000,28950,29800,1166962
20130130,29500,30650,29450,30000,1790834
20130129,28050,29650,28050,29300,1128271
20130128,29500,29500,27850,28300,1124415
20130125,29350,29800,28800,29350,1053183
20130124,28700,30100,28700,29200,1146606
20130123,29500,29900,28950,29000,905160
20130122,29000,29650,28700,29500,795554
20130121,27950,29150,27750,28900,643565
20130118,29000,29000,27550,28000,849034
20130117,29300,29400,28050,28550,1018789
20130116,29000,29900,29000,29200,1147400
20130115,28900,29850,28900,28900,1029855
20130114,28450,29700,28050,29050,1420142
20130111,28700,28750,28100,28350,558943
20130110,27950,28750,27750,28600,868156
20130109,27800,28400,27800,27950,560725
20130108,27300,27950,27300,27850,471627
20130107,28050,28050,27350,27750,587117
20130104,28450,28750,27850,28000,928289
20130103,28600,28850,28200,28450,802028
20130102,27450,29050,27450,28350,1601177
20121228,27350,27550,27150,27150,1138883
20121227,27350,27350,26800,27250,593697
20121226,27950,28350,27350,27350,897513
20121224,27800,27850,27200,27450,812381
20121221,27800,28000,27100,27900,1675827
20121220,27450,28000,27250,27450,1188228
20121218,26850,27400,26650,27200,941155
20121217,26850,26950,26400,26650,819566
20121214,26300,27000,26100,26700,1040863
20121213,26500,27150,26150,26700,1789753
20121212,26000,26700,25950,26450,1548228
20121211,24750,26150,24750,25950,2556314
20121210,24800,25200,24500,24500,1073596
20121207,24500,25200,24500,24900,1316483
20121206,24050,24900,23950,24350,1356832
20121205,24000,24150,23600,24050,649207
20121204,23800,24150,23700,24000,761944
20121203,24400,24400,23700,23950,1243723
20121130,23600,24600,23450,24300,2280915
20121129,22600,23850,22500,23600,2450424
20121128,22350,22850,22050,22200,1127446
20121127,22050,22850,21750,22600,1635417
20121126,21650,22200,21550,22050,914758
20121123,21500,21750,21250,21550,436040
20121122,21750,21850,21400,21650,554431
20121121,21850,22000,21100,21500,641472
20121120,22300,22400,21550,21750,677527
20121119,21400,22050,21400,21800,933676
20121116,21400,21950,21100,21200,877566
20121115,21550,21950,21450,21700,968357
20121114,22000,22250,21850,22250,708261
20121113,22650,22850,21500,21850,2266549
20121112,23450,23650,22900,22900,1175852
20121109,23600,23900,23300,23850,407515
20121108,23900,24100,23800,23900,853399
20121107,24600,24850,24300,24800,694967
20121106,24000,24450,23550,24450,593628
20121105,24100,24450,23750,24000,540400
20121102,24000,24350,23900,24300,1136542
20121101,23450,23500,22850,23400,670728
20121031,23800,23900,23250,23400,438643
20121030,23200,23800,23150,23400,421405
20121029,23050,23600,23000,23200,594088
20121026,23250,23650,23000,23000,507121
20121025,23100,23450,23000,23350,644896
20121024,23100,23400,22850,23200,793287
20121023,24050,24300,23400,23550,1977427
20121022,24050,24550,24000,24350,483943
20121019,25050,25100,24450,24700,742647
20121018,23950,25350,23950,25200,1828461
20121017,23800,24200,23650,23950,1417409
20121016,24000,24250,23200,23600,1457404
20121015,24200,24450,23550,23900,1064785
20121012,24650,24800,24200,24400,832341
20121011,24550,24900,24500,24600,794645
20121010,25050,25100,24700,24850,675707
20121009,25050,25600,25050,25400,618863
20121008,25800,25850,25200,25400,666388
20121005,26350,26350,25750,25800,785435
20121004,26550,26750,26150,26200,1078073
20121002,25650,26450,25100,25950,1535322
20120928,25850,26000,25350,25950,730783
20120927,25300,25800,24950,25800,833072
20120926,25350,25650,25300,25500,642490
20120925,25650,26000,25550,25850,681190
20120924,26150,26150,25500,25850,698262
20120921,26000,26200,25850,26200,912015
20120920,26550,26650,25850,25850,1512964
20120919,26600,27100,26550,26700,1022889
20120918,26850,27250,26600,26950,769632
20120917,26950,27500,26550,27000,1826309
20120914,26200,26850,26050,26850,2856000
20120913,25350,25350,24850,25200,1243584
20120912,25150,25800,25100,25500,1420565
20120911,25350,25400,24700,24900,1075003
20120910,25950,25950,25200,25300,928571
20120907,25900,26150,25700,25800,2281175
20120906,24500,24900,24350,24650,825656
20120905,25050,25200,24300,24400,1485078
20120904,25050,25600,25000,25300,1602897
20120903,24500,25150,24100,24950,1414860
20120831,24500,24800,24150,24350,1489868
20120830,25350,25550,24350,24650,2196719
20120829,25700,25750,25300,25550,828639
20120828,25750,26300,25400,25650,1006319
20120827,26100,26500,25750,25900,1077426
20120824,26300,26500,25700,26000,2013692
20120823,26850,27400,26600,26900,1073810
20120822,27600,27700,26950,27100,1028073
20120821,28000,28150,27100,27550,984420
20120820,27350,28000,27150,27650,1539681
20120817,27400,27700,27000,27150,1561871
20120816,26900,27100,26450,26900,993663
20120814,26750,27150,26400,26900,1256675
20120813,27450,27750,26750,27000,906559
20120810,27550,28000,27100,27550,1463585
20120809,26100,27850,26100,27650,2362432
20120808,27000,27150,26000,26050,1513107
20120807,26250,26900,26200,26600,769421
20120806,26200,26600,26100,26350,1605957
20120803,24850,25700,24700,25350,1178601
20120802,25800,26150,25400,25450,1771010
20120801,24650,26150,24450,25500,2689462
20120731,23550,25250,23250,25000,2540656
20120730,23600,23950,23350,23450,1319203
20120727,23050,23500,22800,23300,1932376
20120726,22950,23150,22200,22350,1844470
20120725,23150,23400,22850,22850,1162312
20120724,23800,24250,23050,23800,1424397
20120723,24200,24300,23850,24000,730304
20120720,24450,25000,24300,24750,831900
20120719,24950,25150,24200,24250,1344933
20120718,25750,25800,24300,24500,1826233
20120717,25200,26050,25150,25750,899735
20120716,25400,25700,25100,25600,1127412
20120713,25700,25700,24750,25300,2071691
20120712,26000,26250,25450,25450,1244782
20120711,26450,26600,25650,25900,1706333
20120710,26550,26950,26400,26700,667279
20120709,27500,27550,26350,26450,1390091
20120706,28400,28550,27650,27800,731504
20120705,27850,28600,27850,28300,1010694
20120704,27950,28400,27650,27950,1252224
20120703,26550,28150,26550,28050,2233409
20120702,26700,26950,26450,26450,1122554
20120629,25250,26400,25000,26200,1993136
20120628,26100,26350,25250,25700,1217148
20120627,26100,26200,25550,26100,788024
20120626,25800,26200,25750,26050,960093
20120625,26600,26600,25950,26150,1004772
20120622,27000,27100,26400,26600,1495350
20120621,28000,28100,27500,27600,1110156
20120620,28600,28700,28050,28350,758367
20120619,28200,28550,28150,28250,837256
20120618,28700,29400,28550,28800,1536409
20120615,27700,28000,27400,27800,962206
20120614,26900,27850,26850,27750,838862
20120613,27800,27850,26900,27200,826866
20120612,27300,27700,27250,27400,792501
20120611,27200,28050,27100,28000,1364827
20120608,26750,26950,26400,26450,653740
20120607,27150,27600,26700,26750,1236604
20120605,25500,26250,25500,26050,1057323
20120604,25400,26050,25000,25150,1439584
20120601,27200,27500,26450,26550,823043
20120531,26850,27500,26750,27300,1336711
20120530,27500,27650,26750,27150,1348070
20120529,26000,27800,25950,27500,2225158
20120525,25650,26500,25650,25800,1409579
20120524,25350,26050,25100,25650,1539105
20120523,26650,26700,25350,25500,2220336
20120522,27000,27300,26050,27050,3869994
20120521,27100,27400,26500,26750,851703
20120518,27200,27350,26550,26800,1035987
20120517,27600,28100,27150,27850,1598655
20120516,27100,28500,27100,27550,1622091
20120515,27250,27850,27150,27800,882936
20120514,27650,28200,26650,27950,1578776
20120511,28700,28700,27700,27750,1494970
20120510,28000,28850,27400,28700,2066307
20120509,29650,29800,28000,28350,3364921
20120508,30500,30750,30000,30200,779380
20120507,31100,31350,29900,30100,2071842
20120504,31300,31650,31100,31600,1041677
20120503,32450,32650,31400,31600,991607
20120502,31900,32700,31250,32300,1591846
20120430,30850,31950,30800,31700,1926144
20120427,30000,30700,29400,30300,1375632
20120426,30800,31100,28950,29600,1367634
20120425,30900,31600,30000,30300,1470572
20120424,29600,30600,29500,30200,892038
20120423,31450,31450,30150,30250,886859
20120420,31200,31250,30650,31200,883447
20120419,31900,32100,31150,31450,1121336
20120418,30700,32050,30500,31800,2216998
20120417,30500,30700,29950,30000,830947
20120416,30100,30350,29600,30150,1343264
20120413,29450,30800,29150,30500,1924050
20120412,27900,29000,27650,28800,1744831
20120410,28750,29200,27550,28050,2530899
20120409,29200,29400,28500,28900,1094200
20120406,29750,30450,29350,29900,1068803
20120405,29400,29800,29000,29600,1615230
20120404,31300,31500,29600,29950,1615150
20120403,30850,32000,30700,31500,1452029
20120402,30650,31050,30500,30600,812221
20120330,30900,31050,30100,30300,2293088
20120329,33150,33350,31100,31250,2060990
20120328,32700,33750,32350,33000,1212981
20120327,32950,33150,31750,32700,1789145
20120326,33350,33600,32400,32550,1046843
20120323,32300,33550,32150,33100,1594591
20120322,34000,34350,32500,32800,1590893
20120321,33700,34850,33650,34200,945349
20120320,34050,34650,33650,34050,848492
20120319,34600,34650,33800,34400,863351
20120316,35900,35950,34200,34300,1133319
20120315,35550,36000,35200,35550,885938
20120314,34800,36100,34400,35700,1918593
20120313,34600,35150,34000,34150,1220174
20120312,34700,34700,33800,33900,1139734
20120309,35800,35900,34550,34750,1701735
20120308,34500,35450,33900,34950,1644490
20120307,33300,34400,33100,34300,1599532
20120306,34700,34900,33100,34100,2130921
20120305,35500,35700,34550,34700,1333679
20120302,36000,36600,35350,36050,1495640
20120229,34600,36300,34550,35950,3491109
20120228,32500,34650,32200,34200,3122748
20120227,31350,32400,31200,32050,2433408
20120224,30950,31500,30500,31150,1074158
20120223,31850,31900,30900,30900,1506720
20120222,30850,31000,30400,30950,1012201
20120221,32000,32200,30500,31000,2004481
20120220,31500,32350,31500,31850,1453971
20120217,32200,32350,30850,31400,1984183
20120216,32200,32600,31500,31750,1099662
20120215,32000,33000,31850,32900,1305468
20120214,32150,32600,31400,31950,1141659
20120213,32500,32800,31300,32400,1866865
20120210,32800,33700,32400,32800,2074615
20120209,32200,32950,31700,32750,2376033
20120208,30350,31950,30100,31750,2773188
20120207,30100,30500,29750,30300,1893557
20120206,29200,30250,29150,30050,3148614
20120203,28650,29000,27900,28850,1613654
20120202,28800,29200,28400,28800,1773873
20120201,27850,28600,27500,28300,2219196
20120131,26450,27850,26400,27850,2583613
20120130,26250,26550,25750,26150,937065
20120127,27150,27250,26050,26250,1798848
20120126,26750,27300,26650,27100,1324364
20120125,27300,27750,26350,26700,2030066
20120120,26950,27900,26850,27650,1887873
20120119,28000,28200,26750,26950,1754480
20120118,27200,28300,26750,27700,2396074
20120117,26300,27250,26250,27200,2693444
20120116,25200,25900,24750,25800,1544173
20120113,25150,26000,24950,25400,2115095
20120112,25000,25100,24300,25000,1657416
20120111,24100,25050,23800,24800,1789217
20120110,23300,23900,23300,23800,1029569
20120109,23350,23400,22600,23200,1575938
20120106,24050,24150,23250,23450,1697441
20120105,24700,24850,23850,24200,1427582
20120104,25200,25250,24550,24700,1077027
20120103,23750,25250,23650,25050,1654264
20120102,24200,24500,23300,23450,1206267
20111229,23800,24450,23800,24300,494382
20111228,24700,24950,24100,24250,744194
20111227,24800,25100,24050,24850,1099620
20111226,25600,25750,24550,24800,1584471
20111223,25300,26050,25050,25800,1177769
20111222,25700,25850,24850,25050,988287
20111221,26000,26100,25400,25450,1596121
20111220,24700,25300,24450,24850,945235
20111219,25100,25350,23000,24400,2073694
20111216,26200,26350,24750,25450,2292273
20111215,26800,27250,25350,26050,2326993
20111214,27300,27950,27250,27850,815091
20111213,27900,28000,27350,27500,1237689
20111212,28850,29150,27650,28650,2561972
20111209,29650,30550,28550,28850,1940814
20111208,30150,30150,29500,29800,1054830
20111207,29950,30300,29250,30300,1320014
20111206,30800,31050,29900,30200,1211762
20111205,30100,31000,29750,30900,1390158
20111202,29700,30400,29600,29650,1020244
20111201,30350,30650,29750,29800,2362402
20111130,28700,29200,28150,28650,1430730
20111129,27750,28800,27650,28700,2316327
20111128,27300,27950,27150,27600,1177691
20111125,27550,27800,26600,26750,1253394
20111124,26650,28000,26050,28000,1723600
20111123,28450,28450,26700,26950,1772837
20111122,27650,29000,27600,28450,2997264
20111121,28000,28250,27350,27950,2652882
20111118,26200,28000,26100,27600,2647377
20111117,25750,27000,25400,26800,2317833
20111116,26350,26800,25250,25350,1744883
20111115,25500,26450,25300,25950,1624374
20111114,25100,25900,25000,25850,1321224
20111111,24100,24700,23800,24400,1386098
20111110,24400,24650,23600,23600,2345738
20111109,26200,26450,25700,25800,960261
20111108,25800,26650,25300,25450,1801290
20111107,25800,26250,25200,25500,1236677
20111104,25800,25900,25200,25800,1846424
20111103,26200,26250,24500,24750,2486600
20111102,26350,26500,25400,26250,2840808
20111101,27100,28300,27050,27550,1514737
20111031,28500,29150,27700,27950,1759769
20111028,29500,29600,28250,28250,3917903
20111027,25800,27800,25400,27800,3968128
20111026,25000,25400,24900,25350,1360200
20111025,25700,26300,25200,25450,1944330
20111024,24550,25700,24550,25650,1867170
20111021,24800,24800,24000,24350,1376987
20111020,25350,25950,23800,23950,1639986
20111019,25900,26000,24950,25750,2383377
20111018,25700,25850,25350,25600,1621995
20111017,26450,26700,25850,26400,2297934
20111014,25000,26000,24800,26000,1448830
20111013,26250,26600,25400,25600,2082095
20111012,24850,25800,24350,25650,2267353
20111011,25500,25700,24550,24750,3461380
20111010,23600,24900,23550,24050,2847922
20111007,22950,24200,22850,23500,3639632
20111006,21450,22500,21450,21600,2407571
20111005,21550,21550,20500,20500,2067546
20111004,20850,21350,20450,21350,2736658
20110930,22400,23750,22200,22800,3549927
20110929,20900,22500,20800,22450,2729980
20110928,22800,23200,21400,21400,2987329
20110927,21250,22550,21150,22500,3778907
20110926,21800,22000,19700,20050,3110063
20110923,22300,22450,21350,21350,3418591
20110922,24300,24600,23450,23850,2606296
20110921,25100,25700,24800,25500,2021538
20110920,24550,25200,24050,25100,1687421
20110919,25350,26000,24600,24650,2112899
20110916,24650,25650,24100,25650,2415924
20110915,24750,24800,22650,23700,2471476
20110914,25100,25350,23500,23650,3570660
20110909,26300,26950,25500,25550,2200242
20110908,26800,27500,26350,26700,2677391
20110907,25700,26200,25300,26200,2098114
20110906,24450,25750,23900,24700,2816904
20110905,26900,27000,25150,25300,2957561
20110902,28650,28800,27450,27800,2778350
20110901,29150,30400,28800,29000,2910372
20110831,29350,29400,28500,29000,1450329
20110830,29100,29700,28550,28700,2552336
20110829,27350,28750,27300,28350,3004278
20110826,26300,26450,25700,26450,1462946
20110825,26400,26850,26000,26050,2782239
20110824,25700,26600,25250,25350,3599802
20110823,23800,25400,23650,25350,3505792
20110822,24700,25400,23500,23500,3238131
20110819,26850,27000,24600,24700,5222195
20110818,31000,31100,28350,28700,3368435
20110817,30100,31550,29700,31000,2094159
20110816,30500,30700,30050,30200,1910798
20110812,29650,30400,29000,29000,3621769
20110811,27050,29400,26850,28900,3635182
20110810,30400,30650,28550,28550,5541229
20110809,27000,29050,24700,28500,8158738
20110808,29850,30300,25900,28000,7047603
20110805,31050,32400,29650,30450,5354729
20110804,36300,36600,33500,34000,2021330
20110803,37100,37100,35800,36200,1696336
20110802,38200,39350,37600,37850,2081591
20110801,38050,39400,37900,38450,1973444
20110729,38300,38550,37500,37500,1547220
20110728,37600,39200,37550,38500,1479767
20110727,39450,39750,38600,38650,1701450
20110726,38250,39450,37850,39450,1619121
20110725,38800,39200,37750,38350,2288633
20110722,38800,39700,37650,39700,2865752
20110721,38250,38450,37150,38300,3477411
20110720,41150,41500,38500,38550,4268464
20110719,40550,41000,40150,40550,1558155
20110718,41550,41600,40300,40500,1445150
20110715,41700,42250,40900,41300,1671295
20110714,41900,42050,41200,41900,1717467
20110713,41400,42050,40400,42050,2212081
20110712,41800,42150,40800,40950,2010100
20110711,43850,43900,42100,42600,2594315
20110708,45800,45850,44150,44150,1475894
20110707,44500,45700,44150,45450,2075097
20110706,43950,44850,43900,44550,1252752
20110705,44400,44650,43550,44100,1616497
20110704,45450,45500,43650,44250,2267052
20110701,45750,46300,44850,44950,1710447
20110630,45300,45700,44800,45250,1036710
20110629,43950,44950,43750,44750,1395352
20110628,44850,45000,43150,43400,1624318
20110627,44300,44900,43300,44250,1624500
20110624,45450,45900,44050,44800,1965982
20110623,45250,46000,44600,45550,923888
20110622,45000,45850,44700,45250,1756884
20110621,44000,44850,43850,44800,1436082
20110620,43550,44500,42700,43450,1140328
20110617,43950,44300,42000,43300,2026511
20110616,45800,46150,43200,43250,3815019
20110615,47400,47650,46500,46950,1423987
20110614,46400,48100,46200,47100,1316682
20110613,45000,46900,44450,46600,1223263
20110610,46250,47400,45500,45500,1040142
20110609,45500,46800,45200,46000,1210276
20110608,45800,46350,44000,45900,1553062
20110607,47700,47750,45650,46000,1355307
20110603,46950,48200,46950,47850,2232375
20110602,44500,46900,44500,46500,1895362
20110601,44800,46200,44600,45800,1857111
20110531,44300,45400,43800,44600,1527144
20110530,43600,44550,43450,43800,1614419
20110527,41500,43500,41450,42900,1936377
20110526,40000,42400,39700,42200,1791764
20110525,41500,41900,39300,39400,1975929
20110524,40600,41600,39800,41250,1555361
20110523,42850,43250,40750,40750,1713780
20110520,43850,43900,41750,43050,2478093
20110519,44100,44950,43200,43300,1658344
20110518,41850,44350,41450,44050,1845250
20110517,42050,42500,40550,41850,1375209
20110516,42300,43100,41450,42350,1162885
20110513,44100,44500,42450,42500,1475690
20110512,43500,43900,42500,43500,2058735
20110511,42200,44400,42050,44400,1878227
20110509,40950,42350,40550,41100,1505348
20110506,42250,42350,40500,40800,2804163
20110504,44000,44350,42700,43200,2026683
20110503,46200,47850,43550,44250,2205986
20110502,46050,46700,44500,46550,1319141
20110429,46200,46950,45250,45850,1550531
20110428,46800,47900,45600,46150,2691390
20110427,44600,47000,44600,46000,4274125
20110426,44400,46750,43850,43900,5266356
20110425,40550,44250,40150,44250,3691955
20110422,41650,41900,40100,40700,2586159
20110421,40100,42250,39750,42000,3615165
20110420,41050,41150,39000,39700,3470793
20110419,41700,42500,40400,40900,2562363
20110418,40800,42800,40700,42200,2272556
20110415,41000,42150,40400,40950,2645137
20110414,41000,41700,40200,41000,2257189
20110413,39300,41050,37900,40800,3569177
20110412,39800,40750,38400,39600,2423285
20110411,39700,41350,38900,39900,3596894
20110408,37500,39950,37450,39700,4020363
20110407,37100,37500,36500,37250,2538009
20110406,34600,36950,33700,36900,4607499
20110405,33600,34550,33550,34450,1506388
20110404,34250,34500,33500,33600,1198946
20110401,34200,34400,33350,33800,1630474
