day,cur_pr,high_pr,low_pr,clo_pr,pr_diff,acc_vol,for_stor,for_stor_diff,for,com_buy_vol,oot_cur_pr,oot_high_pr,oot_low_pr,oot_clo_pr,oot_pr_diff,oot_vol
20210401,20625,20895,20625,20895,460,6340,236,236,0.02,2157,20895,20895,20895,20895,0,0
20210331,20185,20490,20185,20435,55,3385,0,-93,0.0,-1370,20435,20435,20435,20435,0,0
20210330,20745,20745,20415,20490,20,2476,93,-24,0.01,-852,20490,20490,20490,20490,0,1
20210329,20425,20650,20425,20470,280,12142,117,117,0.01,7546,20470,20470,20470,20470,0,0
20210326,20180,20195,20100,20190,45,2731,0,-12,0.0,-1582,20190,20190,20190,20190,0,0
20210325,20120,20290,20120,20235,380,4704,12,-26,0.0,-910,20235,20235,20235,20235,0,0
20210324,20330,20680,20330,20615,25,4987,38,38,0.0,514,20605,20605,20605,20605,-10,19
20210323,20745,20750,20615,20640,260,6719,0,-236,0.0,1641,20640,20640,20640,20640,0,0
20210322,20490,20490,20330,20380,325,5829,236,236,0.02,-481,20380,20380,20380,20380,0,0
20210319,20205,20575,20000,20055,820,33951,0,-67,0.0,-6597,20165,20210,20165,20210,155,90
20210318,20730,20970,20730,20875,155,9086,67,-38,0.01,-1177,20580,20580,20580,20580,-295,3
20210317,20710,20870,20710,20720,15,11399,105,-131,0.01,40,20720,20720,20720,20720,0,0
20210316,20520,20775,20520,20705,310,18824,236,236,0.02,9320,20705,20705,20705,20705,0,0
20210315,20545,20550,20385,20395,150,14701,0,-70,0.0,-1506,20395,20395,20395,20395,0,0
20210312,20315,20715,20315,20545,400,19221,70,70,0.01,548,20540,20540,20540,20540,-5,2
20210311,20705,20705,19965,20145,135,29377,0,-236,0.0,-1020,20145,20150,20145,20150,5,7
20210310,20500,20500,20005,20280,955,53987,236,0,0.02,2156,20890,20890,20890,20890,610,3
20210309,19775,19775,19270,19325,455,30857,236,4,0.02,16464,19465,19485,19450,19450,125,25
20210308,19850,20060,19755,19780,160,16549,232,232,0.02,1189,19780,19780,19780,19780,0,21
20210305,20100,20100,19465,19620,510,49108,0,0,0.0,-11693,19620,19620,19620,19620,0,0
20210304,20500,20505,19980,20130,970,55210,0,0,0.0,-7949,20130,20130,20130,20130,0,0
20210303,21400,21400,20955,21100,300,5297,0,-236,0.0,-3031,21100,21100,21100,21100,0,0
20210302,21035,21495,21035,21400,930,21293,236,236,0.02,5635,21400,21400,21400,21400,0,0
20210226,20000,20800,20000,20470,970,32660,0,-179,0.0,-1774,20470,20470,20470,20470,0,0
20210225,20900,21480,20900,21440,570,26917,179,174,0.02,2489,21440,21440,21440,21440,0,0
20210224,21050,21100,20810,20870,460,22359,5,5,0.0,-4469,20870,20870,20870,20870,0,0
20210223,21430,21430,21110,21330,525,17745,0,0,0.0,-2937,21330,21330,21330,21330,0,0
20210222,21445,21895,21445,21855,420,14108,0,-236,0.0,942,21855,21855,21855,21855,0,0
20210219,21675,21675,21400,21435,240,23377,236,236,0.02,1044,21435,21435,21435,21435,0,0
20210218,21500,22010,21500,21675,340,26620,0,0,0.0,-3993,21675,21675,21675,21675,0,0
20210217,22015,22015,21925,22015,0,20481,0,0,0.0,441,22015,22015,22015,22015,0,0
20210216,22070,22070,21935,22015,0,15768,0,0,0.0,-2507,22015,22015,22015,22015,0,0
20210215,21995,22070,21905,22015,685,40527,0,0,0.0,-4538,22015,22015,22015,22015,0,0
20210210,21570,21570,21200,21330,0,20744,0,-2,0.0,-2754,21330,21330,21330,21330,0,0
20210209,21125,21345,21125,21330,215,9493,2,-136,0.0,-922,21330,21330,21330,21330,0,0
20210208,21045,21800,21010,21115,70,18381,138,-98,0.02,-1016,21115,21115,21115,21115,0,0
20210205,20690,21155,20690,21045,380,22048,236,230,0.02,2810,21045,21045,21045,21045,0,0
20210204,21005,21005,20600,20665,335,21343,6,-226,0.0,-3620,20655,20655,20655,20655,-10,137
20210203,20750,21055,20750,21000,425,27209,232,-4,0.02,1403,21000,21000,21000,21000,0,0
20210202,20230,20735,20230,20575,595,12482,236,236,0.02,1264,20575,20575,20575,20575,0,0
20210201,19665,20010,19660,19980,20,14602,0,-236,0.0,202,19980,19980,19980,19980,0,0
20210129,20220,20220,19850,20000,225,18038,236,236,0.02,3598,20000,20000,20000,20000,0,0
20210128,19950,19950,19540,19775,800,26245,0,0,0.0,-7595,19775,19775,19775,19775,0,0
20210127,20570,20580,20500,20575,10,6389,0,0,0.0,-623,20575,20575,20575,20575,0,0
20210126,20735,20735,20500,20565,165,13311,0,0,0.0,-4730,20565,20565,20565,20565,0,0
20210125,20720,20775,20650,20730,50,14322,0,-236,0.0,-2815,20730,20730,20730,20730,0,69
20210122,20725,20740,20570,20680,10,15772,236,236,0.02,-4014,20670,20670,20670,20670,-10,14
20210121,20940,20940,20505,20670,195,25078,0,-236,0.0,-1945,20670,20670,20670,20670,0,0
20210120,20650,20650,20435,20475,330,27756,236,0,0.02,2211,20475,20475,20475,20475,0,1
20210119,19930,20250,19820,20145,215,14367,236,141,0.02,1025,20145,20145,20145,20145,0,0
20210118,20100,20100,19925,19930,135,8222,95,95,0.01,1608,19930,19930,19930,19930,0,0
20210115,20300,20300,20065,20065,25,6993,0,-123,0.0,-798,20065,20065,20065,20065,0,0
20210114,20105,20180,20015,20040,15,12232,123,123,0.01,-463,20040,20040,20040,20040,0,0
20210113,20035,20035,19925,20025,0,4761,0,-236,0.0,64,20025,20025,20025,20025,0,0
20210112,19880,20055,19865,20025,175,31094,236,144,0.02,14965,20025,20025,20025,20025,0,0
20210111,19700,19970,19700,19850,220,26059,92,28,0.01,4691,19850,19850,19850,19850,0,0
20210108,19440,19790,19440,19630,595,37531,64,-172,0.01,1604,19630,19630,19630,19630,0,0
20210107,18985,19205,18935,19035,50,30523,236,131,0.02,11727,19035,19035,19035,19035,0,0
20210106,19715,19715,18975,18985,100,18340,105,45,0.01,-4882,18985,18985,18985,18985,0,0
20210105,18995,19115,18960,19085,35,12585,60,-171,0.01,2382,19085,19085,19085,19085,0,0
20210104,19300,19300,19050,19120,30,18296,231,126,0.02,-3476,19120,19120,19120,19120,0,152
20201230,19480,19480,19100,19150,195,11269,105,105,0.01,-3907,19150,19150,19150,19150,0,0
20201229,19455,19455,19305,19345,110,8901,0,-236,0.0,-4041,19345,19345,19345,19345,0,0
20201228,19950,19950,19435,19455,20,13527,236,0,0.02,-1183,19455,19455,19455,19455,0,0
20201224,19535,19535,19395,19475,225,17982,236,236,0.02,-4576,19475,19475,19475,19475,0,0
20201223,19500,19735,19500,19700,205,12652,0,-42,0.0,74,19700,19700,19700,19700,0,0
20201222,19590,19615,19430,19495,95,11870,42,-81,0.0,-1465,19495,19495,19495,19495,0,0
20201221,19490,19590,19420,19590,280,12173,123,6,0.01,-3575,19590,19590,19590,19590,0,0
20201218,19275,19385,19255,19310,140,7813,117,-119,0.01,-858,19310,19310,19310,19310,0,0
20201217,19120,19265,19120,19170,50,31999,236,6,0.02,-1566,19170,19170,19170,19170,0,0
20201216,18955,19125,18645,19120,325,22528,230,230,0.02,5019,19120,19120,19120,19120,0,36
20201215,18845,18890,18715,18795,155,12115,0,-156,0.0,6363,18795,18795,18795,18795,0,0
20201214,18555,18725,18555,18640,85,3303,156,-61,0.02,22,18635,18635,18635,18635,-5,13
20201211,18875,18875,18505,18555,20,6743,217,217,0.02,1050,18555,18555,18555,18555,0,0
20201210,18850,18850,18530,18575,360,15026,0,-236,0.0,-5801,18605,18605,18605,18605,30,4
20201209,19060,19060,18850,18935,150,13082,236,0,0.02,-611,18935,18935,18935,18935,0,1
20201208,18470,18900,18470,18785,45,13521,236,0,0.02,2644,18785,18785,18785,18785,0,0
20201207,18610,18920,18610,18740,230,21678,236,0,0.02,6173,18740,18740,18740,18740,0,0
20201204,18705,18705,18505,18510,320,15334,236,236,0.02,-647,18510,18510,18510,18510,0,0
20201203,18730,18865,18730,18830,165,13468,0,-236,0.0,-2150,18830,18830,18830,18830,0,0
20201202,18800,18875,18650,18665,75,23321,236,236,0.02,-2946,18665,18665,18665,18665,0,0
20201201,18375,18795,18375,18740,375,26148,0,-28,0.0,1075,18740,18740,18740,18740,0,0
20201130,18270,18505,18270,18365,150,13600,28,-208,0.0,1141,18365,18365,18365,18365,0,0
20201127,18245,18365,18215,18215,15,4564,236,0,0.02,856,18215,18215,18215,18215,0,0
20201126,18290,18390,18230,18230,60,12763,236,0,0.02,1838,18230,18230,18230,18230,0,0
20201125,18370,18435,18290,18290,75,19842,236,4,0.02,1938,18290,18290,18290,18290,0,0
20201124,18200,18295,18185,18215,20,8862,232,36,0.02,721,18215,18215,18215,18215,0,0
20201123,18250,18250,18110,18195,55,7328,196,30,0.02,1871,18195,18195,18195,18195,0,0
20201120,18025,18280,18025,18250,250,4738,166,-26,0.02,618,18250,18250,18250,18250,0,0
20201119,17965,18025,17845,18000,25,3459,192,192,0.02,402,18000,18000,18000,18000,0,0
20201118,18200,18200,17985,18025,150,6562,0,-235,0.0,-180,18025,18025,18025,18025,0,0
20201117,18225,18325,18085,18175,45,10147,235,144,0.02,-856,18170,18170,18170,18170,-5,19
20201116,18295,18295,18085,18220,190,9168,91,91,0.01,2150,18220,18220,18220,18220,0,0
20201113,17645,18030,17645,18030,20,18344,0,-18,0.0,-298,18030,18030,18030,18030,0,0
20201112,17900,18075,17865,18010,360,13738,18,18,0.0,376,18010,18010,18010,18010,0,0
20201111,17990,17990,17495,17650,345,12909,0,-26,0.0,-7099,17650,17650,17650,17650,0,1
20201110,18300,18300,17820,17995,690,15672,26,-14,0.0,-1226,17995,17995,17995,17995,0,2
20201109,18185,18745,18185,18685,555,16586,40,40,0.0,6799,18685,18685,18685,18685,0,0
20201106,18535,18535,18130,18130,15,13792,0,-171,0.0,1801,18130,18130,18130,18130,0,0
20201105,18500,18500,17870,18115,370,26064,171,171,0.02,7112,18145,18145,18145,18145,30,5
20201104,17400,17990,17285,17745,705,9749,0,0,0.0,-423,17745,17745,17745,17745,0,0
20201103,17025,17085,16980,17040,135,9033,0,0,0.0,-3621,17040,17040,17040,17040,0,0
20201102,16975,16975,16725,16905,95,3710,0,-1,0.0,-1037,16905,16905,16905,16905,0,0
20201030,17200,17200,16700,16810,255,5696,1,1,0.0,-2154,16810,16810,16810,16810,0,0
20201029,17355,17355,16820,17065,290,9573,0,0,0.0,-423,17065,17065,17065,17065,0,0
20201028,17360,17360,17205,17355,5,5249,0,0,0.0,-2758,17355,17355,17355,17355,0,0
20201027,18380,18380,17325,17360,265,6735,0,-7,0.0,-4533,17360,17360,17360,17360,0,0
20201026,18395,18395,17600,17625,115,1499,7,7,0.0,14,17625,17625,17625,17625,0,0
20201023,17560,17825,17560,17740,10,7163,0,0,0.0,-1149,17740,17740,17740,17740,0,0
20201022,18445,18445,17710,17750,210,5496,0,0,0.0,188,17750,17750,17750,17750,0,0
20201021,17985,18025,17855,17960,25,5249,0,-48,0.0,94,17960,17960,17960,17960,0,103
20201020,18330,18330,17940,17985,345,3526,48,48,0.01,-735,17985,17985,17985,17985,0,0
20201019,18500,18500,18230,18330,160,7734,0,-68,0.0,223,18330,18330,18330,18330,0,0
20201016,18465,18465,18150,18170,85,9131,68,-168,0.01,4277,18170,18170,18170,18170,0,0
20201015,18055,18370,18055,18085,330,12697,236,74,0.02,-839,18085,18085,18085,18085,0,1
20201014,18050,18445,18050,18415,30,14549,162,-49,0.02,1873,18415,18415,18415,18415,0,0
20201013,18265,18425,18265,18385,285,21912,211,-25,0.02,1441,18385,18385,18385,18385,0,0
20201012,18120,18120,18005,18100,340,14945,236,6,0.02,2077,18100,18100,18100,18100,0,5
20201008,17565,17900,17565,17760,230,15252,230,230,0.02,5912,17760,17760,17760,17760,0,0
20201007,17240,17595,17240,17530,175,4944,0,-33,0.0,1381,17530,17530,17530,17530,0,0
20201006,17440,17705,17440,17705,275,14426,33,-194,0.0,3841,17705,17705,17705,17705,0,3683
20201005,17540,17540,17120,17430,110,8994,227,-9,0.02,1648,17430,17430,17430,17430,0,0
20200929,17805,17805,17355,17540,235,19278,236,67,0.02,1205,17540,17540,17540,17540,0,0
20200928,17400,17400,17205,17305,325,20282,169,169,0.02,-1919,17305,17305,17305,17305,0,0
20200925,16780,17000,16780,16980,260,15935,0,0,0.0,-99,16980,16980,16980,16980,0,0
20200924,16995,16995,16700,16720,405,11159,0,-236,0.0,681,16720,16720,16720,16720,0,0
20200923,17300,17300,16940,17125,325,19972,236,0,0.02,1137,17125,17125,17125,17125,0,0
20200922,17390,17390,16730,16800,90,18522,236,236,0.02,-668,16810,16810,16810,16810,10,115
20200921,16830,16925,16640,16710,435,11550,0,-33,0.0,-4814,16710,16710,16710,16710,0,0
20200918,16930,17590,16930,17145,240,8775,33,27,0.0,-216,17320,17320,17320,17320,175,1
20200917,17425,17425,16905,16905,715,13091,6,-69,0.0,-6758,16905,16905,16905,16905,0,0
20200916,17610,17660,17600,17620,75,11652,75,75,0.01,-3341,17620,17620,17620,17620,0,0
20200915,17600,17600,17450,17545,75,13930,0,-190,0.0,-2903,17545,17545,17545,17545,0,0
20200914,17390,17515,17390,17470,25,5896,190,190,0.02,-2667,17470,17470,17470,17470,0,0
20200911,17675,17675,17260,17495,180,16498,0,0,0.0,-7748,17495,17495,17495,17495,0,0
20200910,17650,17675,17395,17675,365,39288,0,0,0.0,-5097,17675,17675,17675,17675,0,0
20200909,17560,17565,17120,17310,705,43412,0,0,0.0,-3232,17310,17310,17310,17310,0,0
20200908,17855,18060,17855,18015,230,27128,0,-125,0.0,-4610,18015,18015,18015,18015,0,0
20200907,18130,18130,17665,17785,350,37992,125,125,0.02,-4703,17785,17785,17785,17785,0,31
20200904,18060,18195,17945,18135,1175,84849,0,0,0.0,-30312,18135,18135,18135,18135,0,0
20200903,19540,19540,19070,19310,240,59340,0,0,0.0,-3900,19310,19310,19310,19310,0,90
20200902,18975,19075,18885,19070,445,27017,0,0,0.0,-125,19070,19070,19070,19070,0,20
20200901,18720,18720,18510,18625,90,16079,0,0,0.0,-5710,18625,18625,18625,18625,0,0
20200831,18300,18720,18290,18715,445,20598,0,-236,0.0,-1230,18715,18715,18715,18715,0,20
20200828,18170,18370,18170,18270,80,18887,236,129,0.02,1525,18270,18270,18270,18270,0,0
20200827,18305,18495,18125,18350,95,26846,107,107,0.01,271,18350,18350,18350,18350,0,0
20200826,18400,18555,18150,18255,145,37772,0,-3,0.0,-7323,18255,18255,18255,18255,0,0
20200825,17875,18120,17875,18110,180,35311,3,-197,0.0,-3205,18110,18110,18110,18110,0,0
20200824,17840,18035,17840,17930,80,23848,200,-36,0.02,-178,18500,18500,18500,18500,570,75
20200821,17820,17890,17785,17850,280,21591,236,0,0.02,4726,17850,17850,17850,17850,0,1
20200820,17675,17685,17525,17570,105,20979,236,191,0.02,3269,17570,17570,17570,17570,0,0
20200819,17555,17770,17555,17675,10,16499,45,-123,0.01,1551,17675,17675,17675,17675,0,0
20200818,17720,17750,17665,17665,50,38954,168,121,0.02,1286,17665,17665,17665,17665,0,0
20200814,17450,17745,17450,17715,65,2921,47,44,0.01,1218,17715,17715,17715,17715,0,0
20200813,17510,17855,17490,17650,165,9580,3,3,0.0,-3200,17650,17650,17650,17650,0,0
20200812,17255,17495,17255,17485,210,12958,0,-154,0.0,-624,17485,17485,17485,17485,0,0
20200811,17475,17695,17475,17695,0,5583,154,63,0.02,1001,17695,17695,17695,17695,0,40
20200810,17700,17700,17490,17695,125,7848,91,91,0.01,-660,17695,17695,17695,17695,0,0
20200807,17960,17960,17750,17820,105,22066,0,-165,0.0,688,17815,17815,17815,17815,-5,1
20200806,18100,18100,17850,17925,0,7527,165,96,0.02,-1762,17925,17925,17925,17925,0,0
20200805,17915,18005,17915,17925,40,13200,69,0,0.01,-2838,17925,17925,17925,17925,0,57
20200804,17750,17965,17750,17965,235,16381,69,-121,0.01,1871,17965,17965,17965,17965,0,0
20200803,17660,17740,17650,17730,70,6612,190,-46,0.02,-232,17730,17730,17730,17730,0,0
20200731,17710,17730,17545,17660,365,10720,236,236,0.02,359,17660,17660,17660,17660,0,0
20200730,17500,17500,17255,17295,140,8874,0,-166,0.0,-78,17295,17295,17295,17295,0,0
20200729,17440,17440,17095,17155,300,13666,166,56,0.02,-2831,17155,17155,17155,17155,0,0
20200728,17315,17500,17310,17455,305,11410,110,108,0.01,2536,17455,17455,17455,17455,0,0
20200727,17115,17150,17075,17150,185,11973,2,0,0.0,552,17150,17150,17150,17150,0,0
20200724,17160,17505,17160,17335,345,16852,2,2,0.0,-20,17335,17335,17335,17335,0,6
20200723,17605,17765,17605,17680,70,18983,0,0,0.0,-983,17680,17680,17680,17680,0,0
20200722,17900,17900,17540,17610,290,15570,0,-209,0.0,-3746,17610,17610,17610,17610,0,1
20200721,17525,17900,17525,17900,560,22159,209,165,0.02,11421,17900,17900,17900,17900,0,13
20200720,17435,17685,17300,17340,90,3910,44,-192,0.01,-335,17340,17340,17340,17340,0,0
20200717,17290,17470,17280,17430,150,7343,236,236,0.02,2002,17420,17420,17420,17420,-10,6
20200716,17400,17405,17230,17280,150,7941,0,0,0.0,569,17280,17280,17280,17280,0,0
20200715,17335,17450,17325,17430,25,18712,0,0,0.0,-2198,17430,17430,17430,17430,0,0
20200714,17720,17720,17220,17455,265,30400,0,-6,0.0,-2691,17455,17455,17455,17455,0,0
20200713,17580,17755,17580,17720,200,11608,6,-230,0.0,-2982,17720,17720,17720,17720,0,0
20200710,17400,17670,17400,17520,200,34260,236,0,0.02,-1135,17520,17520,17520,17520,0,0
20200709,17340,17345,17250,17320,160,14842,236,236,0.02,2656,17310,17310,17310,17310,-10,50
20200708,17160,17270,17110,17160,145,23328,0,0,0.0,-1188,17160,17160,17160,17160,0,0
20200707,17200,17385,17000,17305,190,25796,0,-56,0.0,-2066,17305,17305,17305,17305,0,0
20200706,17020,17200,16995,17115,95,94641,56,-130,0.01,1390,17115,17115,17115,17115,0,0
20200703,17005,17030,16945,17020,95,16140,186,-55,0.02,4897,17020,17020,17020,17020,0,0
20200702,16885,16985,16845,16925,50,17764,241,0,0.02,-187,16915,16985,16915,16985,60,7
20200701,16795,16895,16795,16875,320,8385,241,124,0.02,3673,16875,16875,16875,16875,0,0
20200630,16700,16700,16520,16555,130,3298,117,113,0.01,692,16555,16555,16555,16555,0,0
20200629,16305,16485,16305,16425,275,8421,4,4,0.0,2110,16425,16425,16425,16425,0,0
20200626,16980,16980,16575,16700,150,8311,0,0,0.0,-1362,16700,16700,16700,16700,0,1
20200625,16530,16640,16495,16550,375,13094,0,0,0.0,-1703,16550,16550,16550,16550,0,0
20200624,17240,17240,16905,16925,20,20581,0,0,0.0,-4844,16925,16925,16925,16925,0,0
20200623,17245,17245,16760,16945,25,15582,0,0,0.0,-4364,16945,16945,16945,16945,0,0
20200622,16980,16980,16700,16970,5,9038,0,0,0.0,1922,16970,16970,16970,16970,0,0
20200619,17255,17255,16830,16975,170,13341,0,0,0.0,1942,16975,16975,16975,16975,0,0
20200618,16900,16900,16750,16805,75,9949,0,0,0.0,-2255,16805,16805,16805,16805,0,0
20200617,16950,16960,16605,16880,380,13612,0,0,0.0,1003,16880,16880,16880,16880,0,0
20200616,16985,16985,16010,16500,655,32998,0,0,0.0,-698,16500,16500,16500,16500,0,62
20200615,16300,16300,15315,15845,250,14925,0,0,0.0,4595,15845,15845,15845,15845,0,0
20200612,15130,16185,15130,16095,605,30717,0,0,0.0,-309,16095,16095,16095,16095,0,0
20200611,16950,16950,16615,16700,115,18187,0,0,0.0,1583,16690,16690,16690,16690,-10,100
20200610,17220,17220,16790,16815,65,16346,0,0,0.0,-3054,16815,16815,16815,16815,0,0
20200609,17900,17900,16800,16880,90,17264,0,0,0.0,-6753,16880,16880,16875,16875,-5,20
20200608,17590,17590,16735,16970,355,43698,0,0,0.0,-2794,16970,16970,16970,16970,0,0
20200605,16585,16615,16525,16615,0,12024,0,0,0.0,-1316,16615,16615,16615,16615,0,0
20200604,16360,16695,16360,16615,255,26382,0,0,0.0,4304,16605,16605,16600,16600,-15,52
20200603,16330,16465,16330,16360,60,16963,0,0,0.0,-65,16360,16360,16360,16360,0,0
20200602,16380,16380,16165,16300,80,10877,0,0,0.0,-3725,16300,16300,16300,16300,0,0
20200601,16130,16550,16100,16380,250,18004,0,0,0.0,-196,16380,16380,16380,16380,0,0
20200529,16005,16160,16005,16130,145,12018,0,0,0.0,-630,16130,16130,16130,16130,0,0
20200528,16080,16375,16080,16275,60,12357,0,0,0.0,4052,16275,16275,16275,16275,0,0
20200527,16300,16300,16020,16215,85,13899,0,0,0.0,1548,16215,16215,16215,16215,0,0
20200526,16150,16300,16145,16300,155,18425,0,0,0.0,-9751,16300,16300,16300,16300,0,0
20200525,15900,16145,15900,16145,365,30714,0,0,0.0,2380,16145,16145,16145,16145,0,0
20200522,15945,15950,15755,15780,170,6456,0,0,0.0,62,15770,15770,15765,15770,-10,108
20200521,16000,16000,15935,15950,210,47383,0,0,0.0,-1372,15950,15950,15950,15950,0,0
20200520,15330,15740,15330,15740,165,12899,0,0,0.0,-3500,15740,15740,15740,15740,0,0
20200519,15790,16000,15480,15575,230,8801,0,0,0.0,544,15575,15575,15575,15575,0,0
20200518,15350,15350,15210,15345,145,10129,0,0,0.0,-28,15345,15345,15345,15345,0,1
20200515,15020,15280,15020,15200,300,8605,0,0,0.0,1923,15200,15200,15200,15200,0,0
20200514,15150,15150,14810,14900,395,20508,0,0,0.0,-2428,14995,14995,14995,14995,95,50
20200513,15335,15335,15080,15295,245,26436,0,0,0.0,-8550,15300,15300,15300,15300,5,2
20200512,15490,15580,15470,15540,45,19941,0,0,0.0,1369,15535,15535,15535,15535,-5,40
20200511,15495,15590,15425,15495,230,34819,0,0,0.0,989,15495,15495,15495,15495,0,3
20200508,15170,15290,15130,15265,95,27202,0,0,0.0,-1391,15265,15265,15265,15265,0,50
20200507,14995,15190,14995,15170,220,9328,0,0,0.0,-1279,15170,15170,15170,15170,0,0
20200506,14990,14990,14775,14950,475,5836,0,0,0.0,754,14950,14950,14950,14950,0,0
20200504,14725,14725,14245,14475,525,12458,0,0,0.0,-3776,14475,14475,14475,14475,0,20
20200429,15455,15455,14885,15000,95,15455,0,0,0.0,-4279,15000,15000,15000,15000,0,0
20200428,15250,15250,15020,15095,5,5883,0,0,0.0,716,15095,15095,15095,15095,0,0
20200427,15015,15130,14915,15100,465,11784,0,0,0.0,1537,15100,15100,15100,15100,0,0
20200424,14820,14820,14550,14635,155,8252,0,0,0.0,1100,14635,14635,14635,14635,0,0
20200423,15400,15400,14745,14790,410,7475,0,0,0.0,-1842,14790,14790,14790,14790,0,0
20200422,14795,14795,14125,14380,465,12662,0,0,0.0,-1642,14380,14380,14380,14380,0,0
20200421,14870,14880,14700,14845,85,19004,0,0,0.0,4159,14845,14845,14845,14845,0,0
20200420,14825,14955,14805,14930,80,17238,0,0,0.0,-4169,14930,14930,14930,14930,0,0
20200417,15995,15995,14975,15010,395,20144,0,0,0.0,-4887,15010,15060,15010,15060,50,2
20200416,14350,14625,14350,14615,270,10679,0,0,0.0,10,14615,14615,14615,14615,0,0
20200414,14210,14425,14085,14345,445,8916,0,0,0.0,-2080,14345,14345,14345,14345,0,0
20200413,14330,14330,13850,13900,430,11065,0,0,0.0,-6127,13900,13900,13900,13900,0,0
20200410,14175,15000,13890,14330,105,11225,0,0,0.0,76,14330,14330,14330,14330,0,0
20200409,13980,14270,13980,14225,415,18168,0,0,0.0,6080,14225,14225,14225,14225,0,0
20200408,14150,14400,13735,13810,205,10308,0,0,0.0,-4313,13810,13810,13810,13810,0,0
20200407,13910,14030,13755,14015,660,17021,0,0,0.0,9512,14015,14015,14015,14015,0,0
20200406,12700,13355,12700,13355,395,9558,0,0,0.0,1244,13355,13355,13355,13355,0,1
20200403,13600,13600,12915,12960,55,6959,0,0,0.0,-2725,12960,12960,12960,12960,0,2
20200402,13040,13080,12950,13015,65,13327,0,0,0.0,-5316,13015,13015,13015,13015,0,0
20200401,13550,13550,12975,13080,470,11817,0,0,0.0,-6038,13080,13095,13080,13095,15,13
20200331,13400,13730,13400,13550,340,8661,0,0,0.0,-1376,13550,13550,13550,13550,0,25
20200330,12930,13230,12775,13210,285,8656,0,0,0.0,1722,12815,12815,12815,12815,-395,1
20200327,13495,13750,13355,13495,595,15788,0,0,0.0,2956,13495,13495,13495,13495,0,0
20200326,13550,13700,12840,12900,205,19492,0,0,0.0,-9395,12900,12900,12900,12900,0,1
20200325,13195,13570,12810,13105,330,18288,0,0,0.0,-7258,13105,13105,13105,13105,0,0
20200324,11975,12780,11975,12775,1020,16503,0,0,0.0,7262,12775,12800,12775,12800,25,2
20200323,11365,11905,11365,11755,830,8142,0,0,0.0,410,11755,11755,11755,11755,0,79
20200320,12305,12620,12305,12585,290,11042,0,0,0.0,-4101,12585,12585,12585,12585,0,0
20200319,12005,12440,11900,12295,40,13067,0,0,0.0,4785,12700,12700,12700,12700,405,9
20200318,12790,12790,12110,12335,450,9838,0,0,0.0,-3811,12335,12335,12335,12335,0,0
20200317,11975,14000,11855,12785,105,8638,0,0,0.0,824,12785,12785,12785,12785,0,6
20200316,12670,12985,12530,12680,155,8197,0,0,0.0,-439,12680,12680,12680,12680,0,20
20200313,12650,12680,11890,12525,420,27478,0,0,0.0,7691,12525,12525,12525,12525,0,0
20200312,13100,13380,12675,12945,645,7729,0,0,0.0,784,12945,12945,12945,12945,0,5
20200311,14000,14000,13575,13590,225,18617,0,0,0.0,2250,13590,13590,13590,13590,0,0
20200310,12810,13840,12810,13815,15,19770,0,0,0.0,244,13825,13825,13825,13825,10,1
20200309,14000,14000,13675,13830,800,24519,0,0,0.0,2677,13830,13830,13830,13830,0,1
20200306,14630,14790,14500,14630,390,32983,0,0,0.0,-8843,14630,14630,14630,14630,0,0
20200305,15295,15295,14950,15020,295,28882,0,0,0.0,4814,15020,15020,15020,15020,0,0
20200304,15045,15045,14480,14725,340,60690,0,0,0.0,-33923,14725,14725,14725,14725,0,0
20200303,15700,15700,14945,15065,350,21696,0,0,0.0,-5915,15065,15065,15065,15065,0,0
20200302,14270,14880,14270,14715,440,32482,0,0,0.0,-14724,14715,14715,14715,14715,0,0
20200228,14350,14660,14210,14275,860,25748,0,0,0.0,6826,14275,14275,14275,14275,0,0
20200227,15220,15300,15100,15135,260,13894,0,0,0.0,-2631,15135,15135,15135,15135,0,0
20200226,15600,15685,15285,15395,530,56184,0,0,0.0,-14758,15395,15395,15395,15395,0,52
20200225,15655,16000,15655,15925,315,38146,0,0,0.0,-9830,15925,15925,15925,15925,0,3
20200224,16020,16255,16020,16240,445,25493,0,0,0.0,3007,16240,16240,16240,16240,0,31
20200221,16860,16865,16555,16685,195,36329,0,0,0.0,-15514,16685,16685,16685,16685,0,0
20200220,16785,16880,16780,16880,315,101105,0,0,0.0,2629,16880,16880,16880,16880,0,0
20200219,16615,16615,16525,16565,45,31646,0,0,0.0,-18303,16565,16565,16565,16565,0,0
20200218,16605,16605,16435,16520,55,42815,0,0,0.0,-2899,16520,16520,16520,16520,0,0
20200217,16580,16580,16480,16575,0,28537,0,0,0.0,-9791,16575,16575,16575,16575,0,0
20200214,16430,16605,16430,16575,100,45649,0,0,0.0,-5748,16575,16575,16575,16575,0,0
20200213,16405,16475,16370,16475,95,23629,0,0,0.0,-3557,16475,16475,16475,16475,0,0
20200212,16355,16380,16285,16380,95,19656,0,0,0.0,-788,16380,16380,16380,16380,0,0
20200211,16120,16320,16120,16285,190,19998,0,0,0.0,-3446,16285,16285,16285,16285,0,0
20200210,16250,16250,16010,16095,205,20163,0,0,0.0,-4193,16095,16095,16095,16095,0,0
20200207,16225,16300,16165,16300,140,22126,0,0,0.0,-2337,16300,16300,16300,16300,0,32
20200206,16135,16200,16050,16160,95,21370,0,0,0.0,-2301,16160,16160,16160,16160,0,0
20200205,15755,16075,15755,16065,340,27634,0,0,0.0,-2805,16065,16065,16065,16065,0,0
20200204,15550,15735,15550,15725,180,5960,0,0,0.0,-325,15725,15725,15725,15725,0,0
20200203,15800,15800,15435,15545,295,15135,0,0,0.0,234,15545,15545,15545,15545,0,0
20200131,16125,16125,15680,15840,160,7875,0,0,0.0,-325,15840,15840,15840,15840,0,0
20200130,15810,15840,15630,15680,160,11885,0,0,0.0,-2053,15680,15680,15680,15680,0,0
20200129,15595,15855,15595,15840,250,7039,0,0,0.0,-98,15870,15870,15870,15870,30,1
20200128,15850,15850,15450,15590,290,12015,0,0,0.0,683,15590,15590,15590,15590,0,0
20200123,15800,15895,15750,15880,30,13726,0,0,0.0,-4579,15880,15880,15880,15880,0,0
20200122,16110,16110,15725,15910,140,10975,0,0,0.0,-1510,15910,15910,15910,15910,0,0
20200121,16125,16125,15640,15770,55,11097,0,0,0.0,-577,15770,15770,15770,15770,0,0
20200120,15880,15880,15700,15715,0,8544,0,0,0.0,-4396,15715,15715,15715,15715,0,0
20200117,15645,15735,15575,15715,165,18304,0,0,0.0,-1112,15715,15715,15715,15715,0,0
20200116,15475,15550,15475,15550,75,18888,0,0,0.0,-1668,15550,15550,15550,15550,0,0
20200115,15525,15525,15465,15475,65,5649,0,0,0.0,-244,15475,15475,15475,15475,0,0
20200114,15420,15540,15420,15540,120,23680,0,0,0.0,-2960,15540,15540,15540,15540,0,0
20200113,15485,15485,14645,15420,65,8174,0,0,0.0,-2591,15420,15420,15420,15420,0,0
20200110,15395,15540,15395,15485,125,14102,0,0,0.0,5887,15485,15485,15485,15485,0,0
20200109,15495,15495,15305,15360,50,11657,0,0,0.0,-4078,15360,15360,15360,15360,0,0
20200108,15325,15335,15135,15310,110,8914,0,0,0.0,4457,15310,15310,15310,15310,0,0
20200107,15325,15325,15120,15200,85,11452,0,0,0.0,-5520,15200,15200,15200,15200,0,0
20200106,14810,15230,14810,15115,135,9311,0,0,0.0,474,15115,15115,15115,15115,0,0
20200103,15300,15300,15185,15250,280,25746,0,0,0.0,-177,15250,15250,15250,15250,0,0
20200102,15325,15325,14925,14970,25,6361,0,0,0.0,-1041,14970,14970,14970,14970,0,0
20191230,15080,15080,14950,14995,90,3566,0,0,0.0,-1943,14995,14995,14995,14995,0,0
20191227,15030,15100,14980,15085,55,13154,0,0,0.0,-1625,15085,15085,15085,15085,0,0
20191226,15045,15045,15005,15030,20,5244,0,0,0.0,-1215,15030,15030,15030,15030,0,0
20191224,15060,15060,15025,15050,0,3207,0,0,0.0,-1751,15050,15050,15050,15050,0,0
20191223,14710,15050,14710,15050,160,3818,0,0,0.0,-748,15050,15050,15050,15050,0,0
20191220,14830,14925,14830,14890,90,11914,0,0,0.0,-461,14890,14890,14890,14890,0,0
20191219,14755,14845,14755,14800,40,10382,0,0,0.0,-2430,14800,14800,14800,14800,0,0
20191218,14750,14840,14745,14840,90,6006,0,0,0.0,404,14840,14840,14840,14840,0,0
20191217,14800,14815,14730,14750,5,4108,0,0,0.0,-101,14750,14750,14750,14750,0,0
20191216,14795,14795,14705,14745,20,5075,0,0,0.0,-795,14745,14745,14745,14745,0,0
20191213,14810,14810,14640,14765,110,11610,0,0,0.0,-3226,14765,14765,14765,14765,0,0
20191212,14520,14730,14520,14655,165,12759,0,0,0.0,-373,14655,14655,14655,14655,0,0
20191211,14490,14490,14400,14490,0,1263,0,0,0.0,-1066,14490,14490,14490,14490,0,0
20191210,14490,14500,14405,14490,30,1398,0,0,0.0,-1225,14490,14490,14490,14490,0,0
20191209,14460,14540,14410,14520,90,2591,0,0,0.0,-330,14520,14520,14520,14520,0,0
20191206,14365,14430,14365,14430,60,2049,0,0,0.0,1093,14430,14430,14430,14430,0,0
20191205,14255,14370,14255,14370,80,3065,0,0,0.0,137,14370,14370,14370,14370,0,0
20191204,14250,14290,14165,14290,70,255009,0,0,0.0,195,14290,14290,14290,14290,0,0
20191203,14500,14500,14285,14360,185,10034,0,0,0.0,-781,14360,14360,14360,14360,0,0
20191202,14525,14545,14385,14545,0,3546,0,0,0.0,-2187,14545,14545,14545,14545,0,0
20191129,14510,14550,14510,14545,35,1010,0,0,0.0,519,14545,14545,14545,14545,0,0
20191128,14410,14510,14375,14510,105,14731,0,0,0.0,-214,14510,14510,14510,14510,0,0
20191127,14275,14410,14275,14405,130,10072,0,0,0.0,-1286,14405,14405,14405,14405,0,0
20191126,14170,14310,14170,14275,180,4413,0,0,0.0,309,14275,14275,14275,14275,0,0
20191125,14050,14205,14050,14095,75,4134,0,0,0.0,-2927,14095,14095,14095,14095,0,0
20191122,14155,14180,14150,14170,5,1007,0,0,0.0,12,14170,14170,14170,14170,0,0
20191121,14210,14210,14150,14165,30,1356,0,0,0.0,1235,14165,14165,14165,14165,0,0
20191120,14210,14210,14150,14195,10,2214,0,0,0.0,201,14195,14195,14195,14195,0,0
20191119,13925,14190,13925,14185,70,3557,0,0,0.0,550,14185,14185,14185,14185,0,0
20191118,13965,14155,13965,14115,15,3800,0,0,0.0,-797,14115,14115,14115,14115,0,0
20191115,14105,14110,14100,14100,5,831,0,0,0.0,795,14100,14100,14100,14100,0,0
20191114,14100,14155,14100,14105,0,3340,0,0,0.0,301,14105,14105,14105,14105,0,0
20191113,14070,14130,13975,14105,100,10584,0,0,0.0,368,14105,14105,14105,14105,0,0
20191112,14200,14200,13920,14005,5,5054,0,0,0.0,-204,14005,14005,14005,14005,0,0
20191111,13830,14055,13830,14010,95,7449,0,0,0.0,781,14010,14010,14010,14010,0,0
20191108,13830,13960,13820,13915,130,8770,0,0,0.0,420,13915,13915,13915,13915,0,0
20191107,14190,14190,13730,13785,10,4152,0,0,0.0,213,13785,13785,13785,13785,0,0
20191106,13835,13835,13790,13795,40,3376,0,0,0.0,703,13795,13795,13795,13795,0,0
20191105,14110,14110,13835,13835,145,13389,0,0,0.0,897,13835,13835,13835,13835,0,0
20191104,13555,13845,13555,13690,35,872,0,0,0.0,-57,13690,13690,13690,13690,0,0
20191101,14200,14200,13535,13655,35,2244,0,0,0.0,-272,13655,13655,13655,13655,0,0
20191031,13585,13710,13545,13690,115,3507,0,0,0.0,70,13690,13690,13690,13690,0,0
20191030,13700,13710,13575,13575,25,1152,0,0,0.0,-157,13575,13575,13575,13575,0,0
20191029,13680,13760,13600,13600,70,2801,0,0,0.0,263,13600,13600,13600,13600,0,0
20191028,13420,13680,13420,13530,110,10808,0,0,0.0,226,13530,13530,13530,13530,0,0
20191025,13410,13515,13410,13420,245,7128,0,0,0.0,-564,13420,13420,13420,13420,0,0
20191024,13215,13260,13115,13175,30,13780,0,0,0.0,157,13175,13175,13175,13175,0,0
20191023,13375,13375,13180,13205,180,52820,0,0,0.0,66,13205,13205,13205,13205,0,0
20191022,13530,13530,13385,13385,10,3811,0,0,0.0,-1042,13385,13385,13385,13385,0,0
20191021,13430,13445,13375,13375,130,5554,0,0,0.0,-863,13375,13375,13375,13375,0,0
20191018,13550,13570,13500,13505,45,156,0,0,0.0,-8,13505,13505,13505,13505,0,0
20191017,13555,13625,13545,13550,140,642,0,0,0.0,187,13550,13550,13550,13550,0,0
20191016,13655,13750,13640,13690,165,5880,0,0,0.0,342,13690,13690,13690,13690,0,0
20191015,13220,13530,13220,13525,65,4814,0,0,0.0,-1341,13525,13525,13525,13525,0,0
20191014,13510,13510,13430,13460,160,6002,0,0,0.0,-617,13460,13460,13460,13460,0,0
20191011,13430,13430,13290,13300,50,3056,0,0,0.0,-771,13300,13300,13300,13300,0,0
20191010,13440,13440,13195,13250,190,3370,0,0,0.0,22,13250,13250,13250,13250,0,0
20191008,14195,14195,13405,13440,60,712,0,0,0.0,-118,13440,13440,13440,13440,0,0
20191007,13675,13675,13355,13380,155,1656,0,0,0.0,387,13380,13380,13380,13380,0,0
20191004,13315,13350,13215,13225,210,2595,0,0,0.0,-1468,13225,13225,13225,13225,0,0
20191002,13925,13925,13370,13435,80,3225,0,0,0.0,-843,13435,13435,13435,13435,0,0
20191001,13415,13560,13415,13515,150,1192,0,0,0.0,102,13515,13515,13515,13515,0,0
20190930,13475,13500,13355,13365,280,4687,0,0,0.0,-2104,13365,13365,13365,13365,0,0
20190927,13720,13720,13570,13645,65,6937,0,0,0.0,1767,13645,13645,13645,13645,0,0
20190926,13690,13690,13510,13580,130,471,0,0,0.0,50,13580,13580,13580,13580,0,0
20190925,13500,13500,13320,13450,215,6675,0,0,0.0,-645,13450,13450,13450,13450,0,0
20190924,13740,13740,13595,13665,5,542,0,0,0.0,140,13665,13665,13665,13665,0,0
20190923,13685,13685,13540,13670,10,3314,0,0,0.0,-396,13670,13670,13670,13670,0,0
20190920,13690,13710,13640,13680,55,4363,0,0,0.0,345,13680,13680,13680,13680,0,0
20190919,13670,13780,13625,13625,35,5349,0,0,0.0,-102,13625,13625,13625,13625,0,0
20190918,13620,13750,13615,13660,50,2907,0,0,0.0,178,13660,13660,13660,13660,0,0
20190917,13585,13635,13565,13610,25,2537,0,0,0.0,-170,13610,13610,13610,13610,0,0
20190916,14000,14000,13480,13585,90,8662,0,0,0.0,479,13585,13585,13585,13585,0,0
20190911,13655,13675,13560,13675,0,5346,0,0,0.0,115,13675,13675,13675,13675,0,50
20190910,13715,13715,13545,13675,45,19088,0,0,0.0,-316,13675,13675,13675,13675,0,0
20190909,14000,14000,13660,13720,30,24410,0,0,0.0,-383,13720,13720,13720,13720,0,0
20190906,13635,13780,13630,13750,270,26255,0,0,0.0,535,13750,13750,13750,13750,0,0
20190905,13360,13500,13360,13480,95,4987,0,0,0.0,441,13500,13500,13500,13500,20,1
20190904,13310,13385,13150,13385,70,3529,0,0,0.0,1131,13385,13385,13385,13385,0,0
20190903,13335,13335,13265,13315,95,533,0,0,0.0,331,13315,13315,13315,13315,0,0
20190902,13660,13660,13205,13220,55,2443,0,0,0.0,-930,13220,13220,13220,13220,0,0
20190830,13220,13365,13220,13275,250,3461,0,0,0.0,-43,13275,13275,13275,13275,0,0
20190829,13070,13125,12965,13025,45,7778,0,0,0.0,-990,13025,13025,13025,13025,0,0
20190828,13090,13170,13065,13070,20,4097,0,0,0.0,-1037,13070,13070,13070,13070,0,0
20190827,13175,13175,13070,13090,90,2145,0,0,0.0,220,13090,13090,13090,13090,0,0
20190826,12950,13020,12865,13000,470,5605,0,0,0.0,-678,13000,13000,13000,13000,0,0
20190823,13460,13470,13375,13470,80,1978,0,0,0.0,1040,13470,13470,13470,13470,0,0
20190822,13440,13440,13250,13390,110,1565,0,0,0.0,-57,13390,13390,13390,13390,0,0
20190821,13450,13450,13240,13280,170,676,0,0,0.0,-103,13280,13280,13280,13280,0,0
20190820,13405,13455,13320,13450,175,5794,0,0,0.0,831,13450,13450,13450,13450,0,0
20190819,13420,13420,13160,13275,185,1544,0,0,0.0,-1024,13275,13275,13275,13275,0,0
20190816,12930,13110,12910,13090,180,4362,0,0,0.0,678,13100,13100,13100,13100,10,762
20190814,13465,13465,13260,13270,155,8117,0,0,0.0,-1101,13270,13270,13270,13270,0,0
20190813,13000,13145,13000,13115,180,14133,0,0,0.0,-453,13115,13115,13115,13115,0,0
20190812,13465,13465,13230,13295,65,23932,0,0,0.0,2662,13295,13295,13295,13295,0,0
20190809,13140,13370,13140,13230,220,18335,0,0,0.0,-604,13230,13230,13230,13230,0,0
20190808,12855,13070,12855,13010,215,11376,0,0,0.0,-461,13010,13010,13010,13010,0,0
20190807,13135,13135,12790,12795,55,6508,0,0,0.0,1260,12795,12795,12795,12795,0,0
20190806,12050,12740,12050,12740,300,43589,0,0,0.0,30,12740,12740,12740,12740,0,0
20190805,13280,13280,12990,13040,240,4901,0,0,0.0,383,13040,13040,13040,13040,0,0
20190802,13415,13415,13245,13280,135,4479,0,0,0.0,-750,13280,13280,13280,13280,0,0
20190801,13430,13470,13335,13415,365,14539,0,0,0.0,-5485,13415,13415,13415,13415,0,0
20190731,13630,13795,13630,13780,15,4481,0,0,0.0,-2143,13780,13780,13780,13780,0,0
20190730,13815,13815,13770,13795,45,5014,0,0,0.0,-1506,13795,13795,13795,13795,0,0
20190729,13880,13880,13790,13840,35,5446,0,0,0.0,1012,13840,13840,13840,13840,0,0
20190726,13880,13880,13725,13875,5,6501,0,0,0.0,193,13875,13875,13875,13875,0,0
20190725,13765,13880,13765,13880,195,6876,0,0,0.0,-340,13880,13880,13880,13880,0,0
20190724,13585,13690,13550,13685,100,14686,0,0,0.0,49,13685,13685,13685,13685,0,0
20190723,13470,13650,13470,13585,205,11579,0,0,0.0,-694,13620,13620,13620,13620,35,8
20190722,13850,13850,13290,13380,20,3340,0,0,0.0,-919,13380,13380,13380,13380,0,0
20190719,13425,13430,13365,13400,90,6827,0,0,0.0,-5,13400,13400,13400,13400,0,0
20190718,13350,13350,13230,13310,40,3662,0,0,0.0,1102,13310,13310,13310,13310,0,0
20190717,13360,13390,13270,13350,60,10411,0,0,0.0,-184,13350,13350,13350,13350,0,0
20190716,13495,13495,13405,13410,85,4314,0,0,0.0,-1188,13410,13410,13410,13410,0,0
20190715,13430,13495,13390,13495,155,5799,0,0,0.0,-3403,13530,13530,13530,13530,35,8
20190712,13335,13385,13260,13340,100,3643,0,0,0.0,-333,13340,13340,13340,13340,0,0
20190711,13245,13285,13215,13240,5,8076,0,0,0.0,-417,13240,13240,13240,13240,0,0
20190710,13160,13285,13160,13245,140,3796,0,0,0.0,-595,13245,13245,13245,13245,0,0
20190709,13115,13125,13025,13105,10,32360,0,0,0.0,629,13105,13105,13105,13105,0,0
20190708,13300,13300,13030,13115,85,1412,0,0,0.0,680,13115,13115,13115,13115,0,0
20190705,13120,13395,13045,13200,100,31090,0,0,0.0,-445,13200,13200,13200,13200,0,0
20190704,13115,13125,13025,13100,40,10655,0,0,0.0,830,13100,13100,13100,13100,0,0
20190703,13060,13075,12915,13060,40,7033,0,0,0.0,871,13060,13060,13060,13060,0,0
20190702,12970,13110,12905,13100,255,19828,0,0,0.0,2203,13095,13095,13095,13095,-5,8
20190701,12700,12845,12675,12845,245,1032,0,0,0.0,362,12845,12845,12845,12845,0,0
20190628,12525,12660,12495,12600,95,3897,0,0,0.0,242,12600,12600,12600,12600,0,0
20190627,12280,12515,12280,12505,225,1138,0,0,0.0,799,12505,12505,12505,12505,0,0
20190626,12285,12325,12270,12280,160,4568,0,0,0.0,-1112,12280,12280,12280,12280,0,0
20190625,12495,12505,12275,12440,110,2632,0,0,0.0,-364,12440,12440,12440,12440,0,0
20190624,12630,12630,12410,12550,50,4197,0,0,0.0,1952,12550,12550,12550,12550,0,0
20190621,12615,12615,12430,12600,35,1608,0,0,0.0,-234,12600,12600,12600,12600,0,0
20190620,12590,12600,12560,12565,45,1611,0,0,0.0,-1384,12565,12565,12565,12565,0,0
20190619,12410,12560,12410,12520,280,5076,0,0,0.0,-100,12520,12520,12520,12520,0,0
20190618,12230,12260,12160,12240,10,2462,0,0,0.0,62,12240,12240,12240,12240,0,0
20190617,13485,13485,12195,12230,170,4741,0,0,0.0,1073,12230,12230,12230,12230,0,0
20190614,12490,12490,12375,12400,5,1833,0,0,0.0,-204,12400,12400,12400,12400,0,0
20190613,12485,12485,12360,12395,145,366,0,0,0.0,-352,12395,12395,12395,12395,0,0
20190612,12515,12590,12510,12540,55,3461,0,0,0.0,-334,12540,12540,12540,12540,0,0
20190611,12590,12630,12470,12485,35,4578,0,0,0.0,-353,12485,12485,12485,12485,0,2
20190610,12400,12450,12295,12450,300,326,0,0,0.0,-38,12450,12450,12450,12450,0,0
20190607,12040,12155,12010,12150,110,1641,0,0,0.0,766,12150,12150,12150,12150,0,0
20190605,11650,12130,11650,12040,400,2943,0,0,0.0,-1741,12040,12040,12040,12040,0,0
20190604,11720,11720,11590,11640,130,1651,0,0,0.0,-1610,11640,11640,11640,11640,0,0
20190603,12025,12025,11720,11770,255,758,0,0,0.0,-534,11770,11770,11770,11770,0,0
20190531,12420,12420,11905,12025,60,1383,0,0,0.0,-759,12025,12025,12025,12025,0,0
20190530,12085,12085,11950,12085,35,250132,0,0,0.0,-28,12085,12085,12085,12085,0,0
20190529,12085,12105,11930,12050,125,275,0,0,0.0,-37,12050,12050,12050,12050,0,0
20190528,12000,12210,12000,12175,75,1828,0,0,0.0,104,12175,12175,12175,12175,0,0
20190527,12150,12150,11975,12100,140,1507,0,0,0.0,-185,12100,12100,12100,12100,0,0
20190524,12230,12270,12155,12240,60,1239,0,0,0.0,-258,12240,12240,12240,12240,0,0
20190523,12415,12415,12215,12300,250,1366,0,0,0.0,-565,12300,12300,12300,12300,0,0
20190522,12700,12700,12450,12550,120,2359,0,0,0.0,-176,12550,12550,12550,12550,0,0
20190521,12630,12630,12270,12430,320,2793,0,0,0.0,-342,12430,12430,12430,12430,0,0
20190520,13140,13140,12705,12750,145,596,0,0,0.0,-495,12750,12750,12750,12750,0,0
20190517,12925,12925,12835,12895,85,1261,0,0,0.0,-34,12895,12895,12895,12895,0,0
20190516,13770,13770,12685,12810,40,2086,0,0,0.0,-305,12810,12810,12810,12810,0,0
20190515,12520,12770,12520,12770,250,958,0,0,0.0,-251,12770,12770,12770,12770,0,0
20190514,12160,12775,12160,12520,265,3209,0,0,0.0,-567,12520,12520,12520,12520,0,0
20190513,13900,13900,12630,12785,85,1214,0,0,0.0,98,12785,12785,12785,12785,0,0
20190510,12880,12995,12660,12870,10,9818,0,0,0.0,-1198,12870,12870,12870,12870,0,0
20190509,12655,12895,12655,12880,40,1945,0,0,0.0,-523,12880,12880,12880,12880,0,0
20190508,13105,13105,12900,12920,245,3670,0,0,0.0,-3023,12920,12920,12920,12920,0,0
20190507,14900,14900,13115,13165,230,3982,0,0,0.0,-2877,13165,13165,13165,13165,0,0
20190503,13310,13395,13215,13395,115,1216,0,0,0.0,-227,13395,13395,13395,13395,0,0
20190502,13320,13320,13220,13280,40,3575,0,0,0.0,-882,13280,13280,13280,13280,0,0
20190430,13240,14015,13190,13320,60,4675,0,0,0.0,-440,13320,13320,13320,13320,0,0
20190429,13285,13995,13235,13260,25,9071,0,0,0.0,-1271,13260,13260,13260,13260,0,11
20190426,13290,13305,13235,13285,115,14141,0,0,0.0,-1181,13285,13285,13285,13285,0,0
20190425,13355,13400,13230,13400,235,4830,0,0,0.0,18,13400,13400,13400,13400,0,0
20190424,13990,13990,13100,13165,165,13596,0,0,0.0,-2208,13165,13165,13165,13165,0,0
20190423,12950,13000,12840,13000,50,1887,0,0,0.0,-648,13035,13035,13035,13035,35,8
20190422,12935,12965,12840,12950,20,648,0,0,0.0,-154,12950,12950,12950,12950,0,0
20190419,14000,14000,12840,12970,100,1977,0,0,0.0,99,12970,12970,12970,12970,0,0
20190418,12870,12870,12840,12870,0,1753,0,0,0.0,-863,12870,12870,12870,12870,0,0
20190417,12810,12890,12810,12870,135,9924,0,0,0.0,12,12870,12870,12870,12870,0,0
20190416,12640,12735,12635,12735,30,378,0,0,0.0,127,12775,12775,12770,12770,35,13
20190415,12745,12745,12655,12705,30,1280,0,0,0.0,-862,12705,12705,12705,12705,0,0
20190412,12620,12675,12615,12675,0,10613,0,0,0.0,-447,12675,12675,12675,12675,0,0
20190411,12690,12700,12605,12675,70,4118,0,0,0.0,-2360,12675,12675,12675,12675,0,0
20190410,12615,12615,12590,12605,75,520,0,0,0.0,-336,12605,12605,12605,12605,0,0
20190409,12640,12700,12640,12680,60,2957,0,0,0.0,-1882,12680,12680,12680,12680,0,0
20190408,12620,12630,12590,12620,120,971,0,0,0.0,-442,12620,12620,12620,12620,0,0
20190405,12495,12520,12435,12500,25,1872,0,0,0.0,-516,12500,12500,12500,12500,0,0
20190404,12445,12550,12445,12525,120,1365,0,0,0.0,-278,12525,12525,12525,12525,0,0
20190403,12225,12405,12225,12405,180,4829,0,0,0.0,3683,12455,12455,12455,12455,50,6
20190402,12280,12290,12205,12225,165,340,0,0,0.0,14,12225,12225,12225,12225,0,0
20190401,12125,12125,12040,12060,175,1094,0,0,0.0,-134,12060,12060,12060,12060,0,0
20190329,11885,11895,11885,11885,55,34,0,0,0.0,-2,11885,11885,11885,11885,0,0
20190328,11845,11845,11800,11830,170,566,0,0,0.0,-350,11830,11830,11830,11830,0,0
20190327,11925,12000,11925,12000,100,2466,0,0,0.0,1945,12000,12000,12000,12000,0,0
20190326,11875,11920,11875,11900,25,838,0,0,0.0,-126,11900,11900,11900,11900,0,0
20190325,12100,12100,11810,11875,315,7290,0,0,0.0,2931,11875,11875,11875,11875,0,0
20190322,12270,12270,12185,12190,270,5076,0,0,0.0,-3078,12190,12190,12190,12190,0,0
20190321,11830,11920,11830,11920,25,1263,0,0,0.0,917,11920,11920,11920,11920,0,0
20190320,11915,11980,11890,11945,45,3794,0,0,0.0,3188,11945,11945,11945,11945,0,0
20190319,11850,11920,11850,11900,10,1821,0,0,0.0,-498,11900,11900,11900,11900,0,0
20190318,11965,11965,11885,11910,105,1611,0,0,0.0,36,11910,11910,11910,11910,0,0
20190315,11820,11820,11770,11805,85,486,0,0,0.0,369,11805,11805,11805,11805,0,0
20190314,11760,11785,11690,11720,15,648,0,0,0.0,144,11720,11720,11720,11720,0,0
20190313,11710,11710,11630,11705,85,1194,0,0,0.0,963,11705,11705,11705,11705,0,0
20190312,11445,11710,11440,11620,175,89,0,0,0.0,14,11620,11620,11620,11620,0,0
20190311,12480,12480,11115,11445,80,406,0,0,0.0,37,11445,11445,11445,11445,0,0
20190308,11435,11450,11365,11365,65,1921,0,0,0.0,113,11365,11365,11365,11365,0,0
20190307,11500,11500,11430,11430,135,200,0,0,0.0,-117,11430,11430,11430,11430,0,0
20190306,11585,11585,11530,11565,40,79,0,0,0.0,-4,11565,11565,11565,11565,0,0
20190305,11630,11630,11545,11605,50,1547,0,0,0.0,1001,11605,11605,11605,11605,0,0
20190304,11660,11720,11650,11655,145,5333,0,0,0.0,-56,11655,11655,11655,11655,0,0
20190228,11530,11530,11460,11510,35,233,0,0,0.0,41,11510,11510,11510,11510,0,0
20190227,11605,11615,11540,11545,50,659,0,0,0.0,-163,11545,11545,11545,11545,0,0
20190226,11585,11625,11520,11595,10,1221,0,0,0.0,-222,11595,11595,11595,11595,0,0
20190225,11580,11660,11570,11585,80,2489,0,0,0.0,239,11585,11585,11585,11585,0,0
20190222,11415,11505,11415,11505,65,2425,0,0,0.0,272,11505,11505,11505,11505,0,0
20190221,11520,11570,11520,11570,70,159,0,0,0.0,3,11570,11570,11570,11570,0,0
20190220,11515,11515,11435,11500,60,76,0,0,0.0,-5,11500,11500,11500,11500,0,0
20190219,11495,11560,11495,11560,65,1914,0,0,0.0,1017,11560,11615,11615,11615,55,10
20190218,11480,11495,11450,11495,15,513,0,0,0.0,477,11495,11495,11495,11495,0,0
20190215,11485,11495,11400,11480,35,3360,0,0,0.0,209,11480,11480,11480,11480,0,0
20190214,11460,11515,11405,11515,55,5824,0,0,0.0,-93,11515,11515,11515,11515,0,0
20190213,11395,11460,11395,11460,165,371,0,0,0.0,237,11460,11460,11460,11460,0,0
20190212,11220,11295,11220,11295,120,217,0,0,0.0,198,11295,11295,11295,11295,0,0
20190211,11195,11250,11155,11175,15,529,0,0,0.0,-155,11175,11175,11175,11175,0,0
20190208,11335,11335,11145,11160,175,3221,0,0,0.0,-129,11160,11160,11160,11160,0,0
20190207,11315,11375,11305,11335,490,3065,0,0,0.0,2550,11335,11335,11335,11335,0,0
20190201,10850,10855,10800,10845,100,425,0,0,0.0,-204,10845,10845,10845,10845,0,0
20190131,10740,10785,10725,10745,175,169,0,0,0.0,56,10745,10745,10745,10745,0,0
20190130,10520,10580,10520,10570,30,122,0,0,0.0,-74,10570,10570,10570,10570,0,0
20190129,10730,10760,10535,10600,130,105,0,0,0.0,-14,10600,10600,10600,10600,0,0
20190128,10685,10770,10670,10730,70,828,0,0,0.0,262,10730,10730,10730,10730,0,0
20190125,10580,10675,10580,10660,380,1856,0,0,0.0,-585,10660,10660,10660,10660,0,0
20190124,10290,10320,10280,10280,70,217,0,0,0.0,174,10280,10280,10280,10280,0,0
20190123,10360,10370,10270,10350,90,301,0,0,0.0,4,10350,10350,10350,10350,0,0
20190122,10490,10490,10440,10440,80,163,0,0,0.0,127,10440,10440,10440,10440,0,0
20190121,10460,10535,10460,10520,195,306,0,0,0.0,93,10520,10520,10520,10520,0,0
20190118,10240,10325,10240,10325,190,362,0,0,0.0,344,10325,10325,10325,10325,0,0
20190117,10210,10220,10130,10135,85,161,0,0,0.0,97,10135,10135,10135,10135,0,0
20190116,10215,10265,10210,10220,60,696,0,0,0.0,30,10220,10220,10220,10220,0,0
20190115,10100,10190,10100,10160,40,513,0,0,0.0,506,10160,10160,10160,10160,0,0
20190114,10150,10170,10115,10120,25,3097,0,0,0.0,94,10120,10120,10120,10120,0,0
20190111,10190,10260,10145,10145,85,546,0,0,0.0,338,10145,10145,10145,10145,0,0
20190110,10165,10165,10060,10060,35,343,0,0,0.0,264,10060,10060,10060,10060,0,0
20190109,10060,10100,10020,10025,5,3110,0,0,0.0,-121,10025,10025,10025,10025,0,0
20190108,9980,10020,9955,10020,215,283,0,0,0.0,225,10020,10020,10020,10020,0,0
20190107,9810,9855,9805,9805,275,287,0,0,0.0,237,9805,9805,9805,9805,0,0
20190104,9600,9600,9415,9530,170,307,0,0,0.0,45,9530,9530,9530,9530,0,0
20190103,9710,9745,9660,9700,10,949,0,0,0.0,-293,9700,9700,9700,9700,0,0
20190102,9665,9875,9665,9710,25,311,0,0,0.0,-277,9710,9710,9710,9710,0,0
20181228,9900,9900,9670,9685,50,1925,0,0,0.0,1838,9685,9685,9685,9685,0,0
20181227,10000,10000,9605,9635,495,93,0,0,0.0,-8,9635,9635,9635,9635,0,0
20181226,9435,9435,9110,9140,345,6490,0,0,0.0,5387,9140,9140,9140,9140,0,0
20181224,9910,9910,9385,9485,65,222,0,0,0.0,-53,9485,9485,9485,9485,0,0
20181221,9620,9620,9550,9550,115,145,0,0,0.0,-16,9550,9550,9550,9550,0,0
20181220,9860,9860,9660,9665,385,1282,0,0,0.0,6,9665,9665,9665,9665,0,0
20181219,10035,10110,10035,10050,5,308,0,0,0.0,87,10050,10050,10050,10050,0,0
20181218,10080,10080,10020,10045,210,232,0,0,0.0,-105,10045,10045,10045,10045,0,0
20181217,10400,10400,10235,10255,125,12,0,0,0.0,-1,10255,10255,10255,10255,0,0
20181214,10415,10445,10315,10380,40,276,0,0,0.0,-275,10380,10380,10380,10380,0,0
20181213,10375,10500,10375,10420,50,253,0,0,0.0,212,10420,10420,10420,10420,0,0
20181212,10250,10420,10250,10370,165,487,0,0,0.0,2,10370,10370,10370,10370,0,0
20181211,10700,10700,10205,10205,105,118,0,0,0.0,10,10205,10205,10205,10205,0,0
20181210,10075,10100,10025,10100,310,287,0,0,0.0,-106,10100,10100,10100,10100,0,0
20181207,10430,10435,10385,10410,125,233,0,0,0.0,-31,10410,10410,10410,10410,0,0
20181206,10325,10330,10190,10285,150,2447,0,0,0.0,-72,10285,10285,10285,10285,0,0
20181205,10390,10440,10360,10435,215,764,0,0,0.0,-15,10435,10435,10435,10435,0,0
20181204,10770,10770,10620,10650,120,849,0,0,0.0,-163,10650,10650,10650,10650,0,0
20181203,10440,10830,10440,10770,335,1997,0,0,0.0,1865,10770,10770,10770,10770,0,0
20181130,10410,10510,10410,10435,150,69,0,0,0.0,27,10435,10435,10435,10435,0,0
20181129,10570,10655,10565,10585,215,2261,0,0,0.0,11,10585,10585,10585,10585,0,0
20181128,10320,10385,10320,10370,50,21,0,0,0.0,0,10370,10370,10370,10370,0,0
20181127,10395,10410,10305,10320,15,1319,0,0,0.0,-239,10320,10320,10320,10320,0,0
20181126,10210,10305,10210,10305,125,10249,0,0,0.0,94,10305,10305,10305,10305,0,0
20181123,10240,10240,10165,10180,110,212,0,0,0.0,1,10180,10180,10180,10180,0,0
20181122,10290,10300,10190,10290,150,641,0,0,0.0,27,10290,10290,10290,10290,0,0
20181121,10070,10175,10070,10140,15,40,0,0,0.0,32,10140,10140,10140,10140,0,0
20181120,10410,10410,10125,10125,440,321,0,0,0.0,-226,10125,10125,10125,10125,0,0
20181119,10525,10575,10455,10565,45,180,0,0,0.0,29,10565,10565,10565,10565,0,0
20181116,10505,10565,10505,10520,180,179,0,0,0.0,162,10520,10520,10520,10520,0,0
20181115,10390,10390,10325,10340,50,74,0,0,0.0,-27,10340,10340,10340,10340,0,0
20181114,10320,10435,10200,10390,70,265,0,0,0.0,57,10390,10390,10390,10390,0,0
20181113,10365,10365,10295,10320,400,507,0,0,0.0,-197,10320,10320,10320,10320,0,0
20181112,10660,10720,10590,10720,30,94,0,0,0.0,8,10720,10720,10720,10720,0,0
20181109,10750,10800,10720,10750,25,596,0,0,0.0,260,10750,10750,10750,10750,0,0
20181108,10770,10780,10725,10725,110,1458,0,0,0.0,-1042,10725,10725,10725,10725,0,0
20181107,10675,10675,10565,10615,140,386,0,0,0.0,-266,10615,10615,10615,10615,0,0
20181106,10485,10485,10465,10475,0,120,0,0,0.0,-45,10475,10475,10475,10475,0,0
20181105,10475,10520,10470,10475,145,60,0,0,0.0,-17,10475,10475,10475,10475,0,0
20181102,10550,10620,10550,10620,170,283,0,0,0.0,122,10620,10620,10620,10620,0,0
20181101,10515,10515,10425,10450,130,426,0,0,0.0,166,10450,10450,10450,10450,0,0
20181031,10240,10320,10240,10320,210,43,0,0,0.0,-20,10320,10320,10320,10320,0,0
20181030,10005,10145,9980,10110,110,2536,0,0,0.0,-137,10110,10110,10110,10110,0,0
20181029,10175,10220,10175,10220,50,575,0,0,0.0,-58,10220,10220,10220,10220,0,0
20181026,10385,10385,9915,10270,65,875,0,0,0.0,172,10270,10270,10270,10270,0,0
20181025,10450,10470,10090,10205,400,2672,0,0,0.0,-858,10205,10205,10205,10205,0,0
20181024,10570,10660,10570,10605,50,277,0,0,0.0,-6,10605,10605,10605,10605,0,0
20181023,10650,11480,10540,10555,45,2187,0,0,0.0,-172,10555,10555,10555,10555,0,0
20181022,10565,10605,10505,10600,125,676,0,0,0.0,-113,10600,10600,10600,10600,0,0
20181019,10660,10725,10640,10725,65,290,0,0,0.0,196,10725,10725,10725,10725,0,0
20181018,11525,11525,10790,10790,45,148,0,0,0.0,17,10790,10790,10790,10790,0,0
20181017,10610,10835,10610,10835,315,65,0,0,0.0,20,10835,10835,10835,10835,0,0
20181016,10640,10640,10520,10520,140,519,0,0,0.0,-106,10520,10520,10520,10520,0,0
20181015,10725,10725,10600,10660,80,68,0,0,0.0,-9,10660,10660,10660,10660,0,0
20181012,10555,10580,10510,10580,5,1241,0,0,0.0,-201,10580,10580,10580,10580,0,0
20181011,10360,10615,10355,10585,415,774,0,0,0.0,168,10585,10585,10585,10585,0,0
20181010,10985,11000,10900,11000,175,937,0,0,0.0,-598,11000,11000,11000,11000,0,0
20181008,11160,11175,11125,11175,115,501,0,0,0.0,-485,11175,11175,11175,11175,0,0
20181005,11000,11345,11000,11290,100,5696,0,0,0.0,5523,11290,11290,11290,11290,0,0
20181004,11540,11540,11380,11390,5,1702,0,0,0.0,1279,11390,11390,11390,11390,0,0
20181002,11365,11395,11305,11395,30,1757,0,0,0.0,131,11395,11395,11395,11395,0,0
20181001,11535,11535,11295,11425,225,4551,0,0,0.0,381,11425,11425,11425,11425,0,0
20180928,11545,11545,11195,11200,35,397,0,0,0.0,83,11200,11200,11200,11200,0,0
20180927,11545,11545,11210,11235,135,368,0,0,0.0,-161,11235,11235,11235,11235,0,0
20180921,11545,11545,11335,11370,160,5212,0,0,0.0,-916,11370,11370,11370,11370,0,0
20180920,11580,11580,11210,11210,100,9722,0,0,0.0,-3293,11210,11210,11210,11210,0,0
20180919,11320,11320,11255,11310,95,149,0,0,0.0,-81,11310,11310,11310,11310,0,0
20180918,11620,11620,11200,11215,165,2017,0,0,0.0,-1587,11215,11215,11215,11215,0,0
20180917,11375,11430,11295,11380,115,122,0,0,0.0,4,11380,11380,11380,11380,0,0
20180914,11345,11345,11230,11265,50,232,0,0,0.0,-94,11265,11265,11265,11265,0,0
20180913,11635,11635,11170,11215,95,1052,0,0,0.0,-981,11215,11215,11215,11215,0,0
20180912,11385,11385,11250,11310,75,756,0,0,0.0,-22,11310,11310,11310,11310,0,0
20180911,11630,11630,11380,11385,5,36,0,0,0.0,-32,11385,11385,11385,11385,0,0
20180910,11635,11635,11260,11380,60,261,0,0,0.0,-181,11380,11380,11380,11380,0,0
20180907,11645,11645,11235,11320,150,1997,0,0,0.0,-1768,11320,11320,11320,11320,0,0
20180906,11650,11650,11360,11470,55,230,0,0,0.0,-121,11470,11470,11470,11470,0,0
20180905,11570,11570,11525,11525,45,339,0,0,0.0,-109,11525,11525,11525,11525,0,0
20180904,11535,11570,11535,11570,5,63,0,0,0.0,39,11570,11570,11570,11570,0,0
20180903,11570,11615,11565,11565,20,249,0,0,0.0,-20,11565,11565,11565,11565,0,0
20180831,11575,11575,11510,11545,40,431,0,0,0.0,-233,11545,11545,11545,11545,0,0
20180830,11600,11600,11585,11585,5,438,0,0,0.0,-192,11585,11585,11585,11585,0,0
20180829,11520,11595,11520,11590,150,416,0,0,0.0,335,11590,11590,11590,11590,0,0
20180828,11505,11505,11440,11440,30,1224,0,0,0.0,94,11440,11440,11440,11440,0,0
20180827,11400,11495,11040,11410,35,571,0,0,0.0,0,11410,11410,11410,11410,0,0
20180824,11400,11400,11370,11375,5,406,0,0,0.0,-178,11375,11375,11375,11375,0,0
20180823,11305,11390,11305,11370,75,201,0,0,0.0,-135,11370,11370,11370,11370,0,0
20180822,11060,11300,11060,11295,60,20664,0,0,0.0,-616,11295,11295,11295,11295,0,0
20180821,11210,11235,11190,11235,15,106,0,0,0.0,-43,11235,11235,11235,11235,0,0
20180820,11210,11275,11210,11250,0,1749,0,0,0.0,-1568,11250,11250,11250,11250,0,0
20180817,11300,11300,11225,11250,70,779,0,0,0.0,371,11250,11250,11250,11250,0,0
20180816,11360,11360,11270,11320,80,1526,0,0,0.0,-1520,11320,11320,11320,11320,0,0
20180814,11505,11505,11400,11400,10,244,0,0,0.0,-148,11400,11400,11400,11400,0,0
20180813,11635,11635,11375,11390,75,190,0,0,0.0,-155,11390,11390,11390,11390,0,0
20180810,11540,11540,11460,11465,130,1276,0,0,0.0,1059,11465,11465,11465,11465,0,0
20180809,11590,11600,11590,11595,5,1058,0,0,0.0,-966,11595,11595,11595,11595,0,0
20180808,11600,11615,11530,11590,65,587,0,0,0.0,-428,11590,11590,11590,11590,0,0
20180807,12000,12000,11315,11655,85,14069,0,0,0.0,-13330,11655,11655,11655,11655,0,0
20180806,11575,11580,11485,11570,65,1222,0,0,0.0,-463,11570,11570,11570,11570,0,0
20180803,11505,11545,11500,11505,105,163,0,0,0.0,18,11505,11505,11505,11505,0,0
20180802,11440,11550,10690,11400,40,1768,0,0,0.0,-1585,11400,11400,11400,11400,0,0
20180801,11410,11445,11325,11440,140,1380,0,0,0.0,-447,11440,11440,11440,11440,0,0
20180731,11320,11320,11275,11300,100,1080,0,0,0.0,-15,11300,11300,11300,11300,0,0
20180730,11600,11600,11370,11400,245,1119,0,0,0.0,-485,11400,11400,11400,11400,0,0
20180727,11415,11710,11415,11645,105,2795,0,0,0.0,-2252,11645,11645,11645,11645,0,0
20180726,11555,11560,11455,11540,10,7360,0,0,0.0,5196,11540,11540,11540,11540,0,0
20180725,11830,11830,11475,11550,130,4629,0,0,0.0,1516,11550,11550,11550,11550,0,0
20180724,11650,11680,11650,11680,50,2352,0,0,0.0,1096,11680,11680,11680,11680,0,0
20180723,11765,11765,11550,11630,135,1674,0,0,0.0,-272,11630,11630,11630,11630,0,0
20180720,11720,11770,11685,11765,45,560,0,0,0.0,-200,11765,11765,11765,11765,0,0
20180719,11755,11805,11720,11720,15,1801,0,0,0.0,-682,11720,11720,11720,11720,0,0
20180718,11665,11745,11660,11735,210,1906,0,0,0.0,-1214,11735,11735,11735,11735,0,0
20180717,11635,11635,11525,11525,120,88,0,0,0.0,-30,11525,11525,11525,11525,0,0
20180716,11520,11650,11520,11645,15,4436,0,0,0.0,-2606,11645,11645,11645,11645,0,0
20180713,11455,11660,11455,11660,210,1823,0,0,0.0,-1187,11660,11660,11660,11660,0,0
20180712,11275,11450,11275,11450,150,560,0,0,0.0,84,11450,11450,11450,11450,0,0
20180711,11495,11495,11300,11300,90,740,0,0,0.0,-69,11300,11300,11300,11300,0,0
20180710,11440,11440,11360,11390,85,2290,0,0,0.0,-2099,11390,11390,11390,11390,0,0
20180709,11440,11440,11250,11305,105,11062,0,0,0.0,-10829,11305,11305,11305,11305,0,0
20180706,11200,11210,11130,11200,205,648,0,0,0.0,393,11200,11200,11200,11200,0,0
20180705,11495,11495,10950,10995,10,2254,0,0,0.0,2026,10995,10995,10995,10995,0,0
20180704,10975,11020,10905,10985,170,203,0,0,0.0,-196,10985,10985,10985,10985,0,0
20180703,11060,11175,11060,11155,200,75,0,0,0.0,-2,11155,11155,11155,11155,0,0
20180702,11075,11075,10955,10955,25,579,0,0,0.0,-238,10955,10955,10955,10955,0,0
20180629,10955,11050,10955,10980,25,227,0,0,0.0,-18,10980,10980,10980,10980,0,0
20180628,10955,10960,10900,10955,115,87,0,0,0.0,-30,10955,10955,10955,10955,0,0
20180627,11055,11115,11055,11070,30,3792,0,0,0.0,-3780,11070,11070,11070,11070,0,0
20180626,11025,11040,10960,11040,230,4688,0,0,0.0,-4086,11040,11000,11000,11000,-40,1
20180625,11295,11295,11210,11270,50,247,0,0,0.0,-89,11270,11270,11270,11270,0,0
20180622,11335,11355,11245,11320,115,1011,0,0,0.0,-964,11320,11320,11320,11320,0,0
20180621,11125,11455,11125,11435,100,176,0,0,0.0,-5,11435,11435,11435,11435,0,0
20180620,11345,11380,11335,11335,20,860,0,0,0.0,0,11335,11335,11335,11335,0,0
20180619,11390,11390,11235,11315,65,1897,0,0,0.0,305,11315,11315,11315,11315,0,0
20180618,11365,11385,11350,11380,25,1242,0,0,0.0,-867,11380,11380,11380,11380,0,0
20180615,11335,11370,11255,11355,250,595,0,0,0.0,142,11355,11355,11355,11355,0,0
20180614,11140,11180,11100,11105,15,478,0,0,0.0,268,11105,11105,11105,11105,0,0
20180612,11055,11115,11025,11090,35,25,0,0,0.0,-5,11090,11090,11090,11090,0,0
20180611,10965,11055,10955,11055,85,270,0,0,0.0,232,11055,11055,11055,11055,0,0
20180608,11040,11040,10965,10970,180,2554,0,0,0.0,-34,10970,10970,10970,10970,0,0
20180607,11070,11150,11070,11150,105,259,0,0,0.0,0,11150,11150,11150,11150,0,0
20180605,11065,11065,10990,11045,45,478,0,0,0.0,-327,11045,11045,11045,11045,0,0
20180604,11000,11000,10920,11000,140,156,0,0,0.0,76,11000,11000,11000,11000,0,0
20180601,10995,10995,10790,10860,25,78,0,0,0.0,42,10860,10860,10860,10860,0,0
20180531,10815,10890,10815,10885,70,94,0,0,0.0,-24,10885,10885,10885,10885,0,0
20180530,10600,10875,10600,10815,85,76,0,0,0.0,20,10815,10815,10815,10815,0,0
20180529,10845,10915,10835,10900,55,1242,0,0,0.0,-44,10900,10900,10900,10900,0,0
20180528,11000,11000,10830,10845,80,526,0,0,0.0,13,10845,10845,10845,10845,0,0
20180525,11530,11530,10855,10925,55,3196,0,0,0.0,2749,10925,10925,10925,10925,0,0
20180524,10850,10870,10805,10870,75,160,0,0,0.0,116,10870,10870,10870,10870,0,0
20180523,10515,10830,10515,10795,50,291,0,0,0.0,-232,10795,10795,10795,10795,0,0
20180521,10805,10865,10805,10845,35,86,0,0,0.0,70,10845,10845,10845,10845,0,0
20180518,10905,10960,10870,10880,15,287,0,0,0.0,-70,10880,10880,10880,10880,0,0
20180517,10900,10900,10860,10865,30,609,0,0,0.0,502,10865,10865,10865,10865,0,0
20180516,10780,10855,10780,10835,15,390,0,0,0.0,-222,10835,10835,10835,10835,0,0
20180515,10765,10820,10755,10820,55,861,0,0,0.0,850,10820,10820,10820,10820,0,0
20180514,10790,10790,10755,10765,80,400,0,0,0.0,-339,10765,10765,10765,10765,0,0
20180511,10830,10870,10830,10845,45,1341,0,0,0.0,363,10845,10845,10845,10845,0,0
20180510,10810,10820,10795,10800,120,287,0,0,0.0,209,10800,10800,10800,10800,0,0
20180509,10415,10765,10415,10680,80,67,0,0,0.0,34,10680,10680,10680,10680,0,0
20180508,10400,10670,10400,10600,275,666,0,0,0.0,567,10600,10600,10600,10600,0,0
20180504,10380,10380,10325,10325,15,89,0,0,0.0,-20,10325,10325,10325,10325,0,0
20180503,10375,10375,10340,10340,40,43,0,0,0.0,-8,10340,10340,10340,10340,0,0
20180502,10365,10405,10345,10380,60,670,0,0,0.0,454,10380,10380,10380,10380,0,0
20180430,10320,10325,10310,10320,15,20,0,0,0.0,-1,10320,10320,10320,10320,0,0
20180427,10315,10450,10315,10335,20,193,0,0,0.0,-95,10335,10335,10335,10335,0,0
20180426,10300,10335,10270,10315,65,17,0,0,0.0,-8,10315,10315,10315,10315,0,0
20180425,10000,10250,10000,10250,70,1417,0,0,0.0,-168,10250,10250,10250,10250,0,0
20180424,10340,10340,10245,10320,40,1262,0,0,0.0,-693,10320,10320,10320,10320,0,0
20180423,10365,10370,10310,10360,65,60,0,0,0.0,-50,10360,10360,10360,10360,0,0
20180420,10435,10455,10405,10425,225,208,0,0,0.0,-130,10425,10425,10425,10425,0,0
20180419,10900,10900,10650,10650,135,342,0,0,0.0,-37,10650,10650,10650,10650,0,0
20180418,10605,10785,10605,10785,285,2270,0,0,0.0,765,10785,10785,10785,10785,0,0
20180417,10515,10590,10490,10500,20,845,0,0,0.0,-532,10500,10500,10500,10500,0,0
20180416,10505,10520,10480,10520,45,914,0,0,0.0,836,10520,10520,10520,10520,0,0
20180413,10545,10550,10470,10475,65,310,0,0,0.0,-157,10475,10475,10475,10475,0,0
20180412,10345,10435,10345,10410,115,72,0,0,0.0,18,10410,10410,10410,10410,0,0
20180411,10255,10375,10255,10295,45,326,0,0,0.0,100,10295,10295,10295,10295,0,0
20180410,10160,10280,10080,10250,85,175,0,0,0.0,-19,10250,10250,10250,10250,0,0
20180409,10090,10170,10070,10165,145,21113,0,0,0.0,-1092,10165,10165,10165,10165,0,0
20180406,10400,10400,10135,10310,25,32184,0,0,0.0,-121,10310,10310,10310,10310,0,0
20180405,10295,10320,10285,10285,170,61919,0,0,0.0,1557,10285,10285,10285,10285,0,0
20180404,10030,10120,10030,10115,90,968,0,0,0.0,515,10115,10115,10115,10115,0,1
20180403,10065,10085,10020,10025,255,2497,0,0,0.0,-1316,10025,10025,10025,10025,0,0
20180402,10280,10280,10170,10280,65,595,0,0,0.0,142,10280,10280,10280,10280,0,0
20180330,10265,10405,10265,10345,130,550,0,0,0.0,1,10345,10345,10345,10345,0,5
20180329,10245,10245,10145,10215,175,1606,0,0,0.0,-1453,10215,10215,10215,10215,0,0
20180328,10115,10425,10115,10390,440,5803,0,0,0.0,-2770,10390,10390,10390,10390,0,3
20180327,10945,10945,10730,10830,365,2483,0,0,0.0,-1500,10830,10830,10830,10830,0,0
20180326,10525,10575,10445,10465,315,15059,0,0,0.0,-5055,10465,10465,10465,10465,0,0
20180323,10755,10790,10685,10780,170,12879,0,0,0.0,-183,10780,10780,10780,10780,0,0
20180322,11000,11030,10950,10950,85,615,0,0,0.0,-171,10950,10950,10950,10950,0,0
20180321,11020,11035,11020,11035,120,167,0,0,0.0,-23,11035,11035,11035,11035,0,0
20180320,10960,10960,10910,10915,140,333,0,0,0.0,-309,10915,10915,10915,10915,0,0
20180319,11100,11100,11055,11055,45,313,0,0,0.0,0,11055,11055,11055,11055,0,0
20180316,11085,11170,11085,11100,20,760,0,0,0.0,-484,11100,11100,11100,11100,0,0
20180315,11050,11080,11040,11080,30,151,0,0,0.0,-21,11080,11080,11080,11080,0,0
20180314,11140,11150,11045,11050,175,61,0,0,0.0,-44,11050,11050,11050,11050,0,0
20180313,11505,11505,11125,11225,160,386,0,0,0.0,53,11225,11225,11225,11225,0,0
20180312,11060,11145,11060,11065,145,546,0,0,0.0,-308,11065,11065,11065,11065,0,0
20180309,10915,10920,10915,10920,5,70,0,0,0.0,0,10920,10920,10920,10920,0,0
20180308,10805,10925,10805,10915,190,215,0,0,0.0,125,10915,10915,10915,10915,0,0
20180307,10595,10725,10595,10725,10,289,0,0,0.0,221,10725,10725,10725,10725,0,0
20180306,11050,11050,10640,10735,105,124,0,0,0.0,1,10735,10735,10735,10735,0,1
20180305,10670,10670,10565,10630,105,513,0,0,0.0,327,10630,10630,10630,10630,0,0
20180302,10585,10585,10510,10525,215,657,0,0,0.0,-532,10525,10525,10525,10525,0,0
20180228,10800,10800,10655,10740,0,1566,0,0,0.0,1148,10740,10740,10740,10740,0,0
20180227,10940,10940,10640,10740,125,525,0,0,0.0,-296,10740,10740,10740,10740,0,0
20180226,10995,10995,10535,10615,175,590,0,0,0.0,270,10615,10615,10615,10615,0,0
20180223,10480,10480,10435,10440,35,148,0,0,0.0,-72,10440,10440,10440,10440,0,0
20180222,10450,10475,10425,10475,25,423,0,0,0.0,211,10475,10475,10475,10475,0,0
20180221,10445,10530,10425,10450,80,922,0,0,0.0,727,10450,10450,10450,10450,0,0
20180220,10500,10500,10310,10370,5,1750,0,0,0.0,702,10370,10370,10370,10370,0,0
20180219,10210,10390,10210,10375,315,652,0,0,0.0,-452,10375,10375,10375,10375,0,0
20180214,10025,10080,10025,10060,20,155,0,0,0.0,49,10060,10060,10060,10060,0,0
20180213,9825,10105,9825,10080,155,501,0,0,0.0,-379,10080,10080,10080,10080,0,2
20180212,10000,10000,9820,9925,160,302,0,0,0.0,-183,9925,9925,9925,9925,0,0
20180209,9435,9815,9435,9765,390,2369,0,0,0.0,-42,9765,9765,9765,9765,0,0
20180208,10270,10270,10075,10155,115,460,0,0,0.0,-226,10155,10155,10155,10155,0,0
20180207,10345,10345,10255,10270,215,394,0,0,0.0,-155,10270,10270,10270,10270,0,0
20180206,10400,10400,10030,10055,345,14383,0,0,0.0,2876,10055,10055,10055,10055,0,0
20180205,10310,10500,10310,10400,220,1243,0,0,0.0,718,10400,10400,10400,10400,0,0
20180202,10355,10655,10355,10620,10,2500,0,0,0.0,1731,10620,10620,10620,10620,0,0
20180201,10515,10645,10515,10630,115,1120,0,0,0.0,551,10630,10630,10630,10630,0,0
20180131,10665,10665,10510,10515,150,2715,0,0,0.0,1515,10515,10515,10515,10515,0,0
20180130,10650,10690,10595,10665,55,1441,0,0,0.0,-636,10665,10665,10665,10665,0,0
20180129,10720,10730,10620,10720,235,2863,0,0,0.0,-1379,10720,10720,10720,10720,0,0
20180126,10510,10525,10455,10485,30,2265,0,0,0.0,-1702,10485,10485,10485,10485,0,0
20180125,10760,10760,10505,10515,245,3751,0,0,0.0,-3725,10515,10515,10515,10515,0,0
20180124,10760,10785,10750,10760,25,6993,0,0,0.0,-2200,10760,10760,10750,10750,-10,5
20180123,10685,10735,10640,10735,145,3038,0,0,0.0,-2234,10735,10735,10735,10735,0,0
20180122,10585,10590,10565,10590,55,1019,0,0,0.0,-293,10590,10590,10590,10590,0,0
20180119,10645,10645,10520,10535,0,2268,0,0,0.0,-2017,10535,10535,10535,10535,0,0
20180118,10455,10585,10445,10535,250,2109,0,0,0.0,-2008,10535,10535,10535,10535,0,0
20180117,10310,10310,10230,10285,25,607,0,0,0.0,-16,10285,10285,10285,10285,0,0
20180116,10300,10335,10270,10310,10,4073,0,0,0.0,-3144,10310,10310,10310,10310,0,0
20180115,10245,10305,10225,10300,55,1493,0,0,0.0,57,10300,10300,10300,10300,0,0
20180112,10285,10285,10200,10245,45,650,0,0,0.0,-259,10245,10245,10245,10245,0,0
20180111,10155,10315,10155,10290,30,1569,0,0,0.0,-301,10290,10290,10290,10290,0,0
20180110,10340,10340,10250,10320,10,2226,0,0,0.0,-866,10320,10320,10320,10320,0,0
20180109,10265,10335,10265,10330,90,947,0,0,0.0,-934,10330,10330,10330,10330,0,0
20180108,10295,10295,10225,10240,85,2513,0,0,0.0,-2256,10240,10240,10240,10240,0,0
20180105,10170,10170,10085,10155,75,3127,0,0,0.0,-3036,10155,10155,10155,10155,0,0
20180104,10300,10300,10060,10080,60,2184,0,0,0.0,-1655,10080,10080,10080,10080,0,0
20180103,9810,10040,9810,10020,220,2120,0,0,0.0,-1234,10020,10020,10020,10020,0,0
20180102,9920,9920,9770,9800,125,1162,0,0,0.0,-71,9800,9800,9800,9800,0,0
20171228,9985,9995,9920,9925,45,1082,0,0,0.0,-630,9925,9925,9925,9925,0,0
20171227,9975,9990,9965,9970,70,2531,0,0,0.0,-1705,9970,9970,9970,9970,0,0
20171226,10435,10435,9970,10040,65,5327,0,0,0.0,-4475,10040,11040,11040,11040,1000,87
20171222,11005,11015,10080,10105,70,2196,0,0,0.0,-2081,10105,10105,10105,10105,0,0
20171221,11005,11005,10140,10175,5,2461,0,0,0.0,-2201,10175,10175,10175,10175,0,0
20171220,10230,10230,10170,10180,55,1022,0,0,0.0,-1001,10180,10180,10180,10180,0,0
20171219,10205,10270,10205,10235,45,4385,0,0,0.0,-4343,10235,10235,10235,10235,0,0
20171218,10150,10210,10150,10190,150,1259,0,0,0.0,-1223,10190,10190,10190,10190,0,0
20171215,10150,10150,10010,10040,5,1160,0,0,0.0,-1130,10040,10040,10040,10040,0,0
20171214,10045,10055,10020,10045,15,1368,0,0,0.0,-1307,10045,10045,10045,10045,0,0
20171213,10030,10060,9990,10060,40,501046,0,0,0.0,-1044,10060,10060,10060,10060,0,0
20210409,21935,21935,21675,21760,210,14938,4,4,0.0,854,21760,21760,21760,21760,0,0
20210408,21460,21580,21410,21550,85,8455,0,-6,0.0,-1580,21550,21550,21550,21550,0,0
20210407,21505,21520,21355,21465,40,13352,6,-19,0.0,-2342,21465,21465,21465,21465,0,0
20210406,21790,21790,21505,21505,70,13089,25,25,0.0,-445,21505,21505,21505,21505,0,0
20210405,21505,21505,21420,21435,15,8822,0,-236,0.0,-2118,21435,21435,21435,21435,0,0
20210402,21215,21450,21080,21450,555,59125,236,0,0.02,1421,21450,21450,21450,21450,0,0
