date,open,high,low,close,volume,korcom
20201230,4865,5010,4855,5010,39700,0
20201229,4845,4895,4800,4860,22236,0
20201228,4960,4995,4775,4845,87415,0
20201224,5040,5050,4950,4970,53480,0
20201223,4930,5030,4870,4975,92495,1014
20201222,5120,5120,4930,4930,117913,3964
20201221,5020,5120,4965,5120,99877,2002
20201218,5110,5110,4955,5020,85028,1994
20201217,4940,5100,4920,5040,136682,1015
20201216,4890,4980,4815,4925,83929,0
20201215,4855,4900,4815,4850,44583,0
20201214,4915,4915,4850,4855,59169,0
20201211,5030,5030,4895,4920,83034,0
20201210,4940,4970,4900,4920,62788,0
20201209,4875,4970,4875,4905,67100,0
20201208,4930,5100,4885,4900,168007,0
20201207,4835,4980,4810,4975,233499,0
20201204,4820,4820,4735,4795,48470,0
20201203,4800,4805,4740,4785,38253,0
20201202,4865,4885,4780,4810,72489,0
20201201,4895,4920,4780,4820,51414,0
20201130,4720,4930,4705,4855,150949,0
20201127,4660,4745,4660,4725,41358,0
20201126,4745,4745,4635,4680,36158,0
20201125,4895,4895,4670,4670,95289,0
20201124,4810,4870,4760,4860,53939,0
20201123,4790,4850,4740,4820,83052,0
20201120,4675,4800,4660,4790,53324,0
20201119,4670,4725,4600,4665,60951,0
20201118,4820,4820,4645,4680,69838,0
20201117,4865,4880,4725,4725,68730,0
20201116,4755,4910,4750,4865,89894,0
20201113,4810,4830,4710,4765,65742,0
20201112,4860,4900,4795,4810,44338,0
20201111,4790,4905,4760,4860,84804,0
20201110,4830,4830,4715,4815,45186,0
20201109,4760,4800,4720,4800,43524,0
20201106,4835,4835,4700,4760,62261,0
20201105,4740,4825,4735,4800,79255,0
20201104,4620,4740,4595,4725,68678,0
20201103,4730,4745,4605,4635,109406,0
20201102,4650,4690,4500,4685,81954,0
20201030,4615,4670,4510,4540,72544,0
20201029,4600,4630,4510,4630,72811,0
20201028,4735,4735,4615,4675,55172,0
20201027,4650,4700,4555,4645,96890,0
20201026,4700,4715,4520,4595,135076,0
20201023,4825,4890,4650,4725,139190,0
20201022,5220,5220,4815,4815,311559,0
20201021,5280,5340,5110,5190,203258,0
20201020,5140,5320,5040,5280,492939,0
20201019,4885,5340,4880,5230,1177657,-17750
20201016,5000,5010,4750,4845,224798,9139
20201015,5050,5220,4845,5000,569313,0
20201014,5280,5300,5020,5080,528425,8608
20201013,5560,5590,5350,5350,681541,0
20201012,5580,5670,5460,5640,1216187,0
20201008,5710,5960,5310,5640,5980995,-1
20201007,4370,5570,4370,5570,5105375,4
20201006,4240,4300,4200,4285,34778,0
20201005,4200,4240,4120,4240,13598,0
20200929,4200,4220,4130,4155,9195,0
20200928,4160,4200,4115,4155,4742,0
20200925,4200,4200,4100,4155,15224,0
20200924,4155,4300,4095,4175,39642,0
20200923,4275,4275,4200,4260,13897,0
20200922,4290,4290,4200,4275,20202,0
20200921,4290,4335,4205,4290,6054,0
20200918,4325,4325,4250,4290,16362,0
20200917,4330,4380,4250,4330,15307,0
20200916,4345,4390,4330,4330,19670,0
20200915,4290,4350,4260,4345,9950,0
20200914,4315,4350,4145,4290,30989,-1
20200911,4335,4375,4275,4335,16177,-1
20200910,4275,4385,4230,4375,27975,-2
20200909,4260,4275,4180,4230,10388,-2
20200908,4280,4295,4220,4265,16239,-2
20200907,4200,4265,4155,4265,24744,-2
20200904,4250,4250,4165,4200,24573,-3
20200903,4435,4435,4310,4340,29711,-5
20200902,4475,4475,4355,4400,23293,16
20200901,4460,4485,4365,4470,36659,0
20200831,4330,4575,4270,4480,108635,0
20200828,4205,4225,4185,4205,4684,0
20200827,4270,4270,4195,4205,6160,0
20200826,4300,4300,4235,4270,8939,0
20200825,4150,4300,4095,4300,35977,0
20200824,4220,4220,4100,4155,11245,0
20200821,4150,4230,4075,4225,15288,0
20200820,4225,4225,4095,4130,13009,0
20200819,4030,4215,4030,4215,53962,-180
20200818,4210,4250,3850,4065,50487,0
20200814,4280,4295,4210,4230,21790,0
20200813,4285,4285,4225,4240,9245,0
20200812,4290,4290,4195,4235,8967,0
20200811,4220,4300,4220,4245,10887,0
20200810,4245,4300,4230,4240,12417,0
20200807,4350,4350,4220,4275,31706,0
20200806,4240,4240,4140,4160,24200,0
20200805,4200,4200,4140,4150,14223,0
20200804,4170,4215,4170,4185,7934,0
20200803,4240,4240,4160,4180,6822,0
20200731,4255,4255,4165,4165,3777,0
20200730,4275,4275,4180,4195,7362,0
20200729,4240,4240,4170,4185,11805,0
20200728,4225,4225,4170,4180,8466,0
20200727,4180,4195,4140,4165,6798,0
20200724,4270,4270,4105,4105,17235,0
20200723,4290,4290,4160,4160,20555,0
20200722,4255,4315,4235,4235,13923,0
20200721,4300,4300,4250,4270,11070,0
20200720,4250,4300,4200,4300,8858,0
20200717,4355,4355,4200,4210,29761,0
20200716,4280,4350,4250,4250,6140,0
20200715,4250,4290,4240,4280,11418,0
20200714,4360,4360,4205,4240,14449,0
20200713,4275,4380,4265,4330,22396,0
20200710,4420,4420,4260,4265,13312,0
20200709,4270,4420,4270,4360,20500,0
20200708,4340,4340,4290,4315,9141,0
20200707,4415,4415,4305,4340,18127,0
20200706,4355,4425,4330,4385,18420,0
20200703,4380,4380,4320,4355,14136,0
20200702,4370,4385,4300,4350,17255,0
20200701,4325,4355,4280,4350,6999,0
20200630,4320,4320,4210,4305,14640,0
20200629,4330,4330,4195,4200,15985,0
20200626,4400,4400,4300,4330,8149,0
20200625,4390,4390,4275,4315,7207,0
20200624,4380,4380,4285,4310,37400,0
20200623,4400,4415,4295,4320,32654,0
20200622,4430,4430,4290,4370,44440,0
20200619,4400,4435,4245,4355,12172,0
20200618,4240,4430,4210,4345,14754,0
20200617,4240,4250,4150,4230,29430,-1
20200616,3985,4280,3985,4245,52987,0
20200615,4205,4230,3975,3975,40745,-10463
20200612,4105,4325,4105,4205,12765,0
20200611,4480,4530,4330,4370,21123,0
20200610,4435,4530,4425,4450,12988,0
20200609,4480,4505,4435,4470,13807,0
20200608,4540,4580,4470,4480,23169,0
20200605,4490,4600,4460,4525,14522,0
20200604,4515,4520,4475,4480,22739,0
20200603,4550,4575,4490,4520,18732,0
20200602,4495,4575,4495,4550,8174,0
20200601,4550,4550,4470,4520,21900,0
20200529,4515,4555,4470,4550,23851,0
20200528,4680,4685,4525,4560,42372,0
20200527,4700,4725,4645,4680,19657,0
20200526,4640,4700,4620,4695,47807,0
20200525,4655,4695,4590,4630,58654,0
20200522,4600,4790,4580,4645,37228,0
20200521,4590,4620,4545,4620,40592,0
20200520,4535,4570,4500,4555,19554,0
20200519,4540,4585,4510,4535,37348,0
20200518,4590,4630,4475,4510,136086,0
20200515,4890,4890,4630,4650,93906,0
20200514,4825,4900,4735,4885,35078,0
20200513,4785,4895,4660,4890,59044,0
20200512,4995,5000,4650,4785,49454,0
20200511,4930,5000,4905,4995,43178,0
20200508,5010,5040,4910,4930,43678,0
20200507,4910,5040,4910,5000,9944,0
20200506,4980,5050,4940,4985,44966,0
20200504,4880,5050,4780,4985,57452,0
20200429,4955,5020,4805,4880,37315,0
20200428,4655,5080,4655,4920,130526,0
20200427,4475,4675,4465,4660,66158,0
20200424,4390,4490,4345,4480,33426,0
20200423,4310,4430,4270,4380,42139,0
20200422,4180,4300,3930,4300,44181,0
20200421,4280,4280,4010,4180,38189,0
20200420,4205,4285,4205,4275,17524,0
20200417,4145,4280,4100,4200,30457,0
20200416,4105,4200,4050,4145,12353,0
20200414,4145,4150,4065,4105,17290,0
20200413,4115,4195,4035,4065,20603,0
20200410,4295,4295,4010,4115,61174,0
20200409,4275,4310,4205,4245,23130,0
20200408,4195,4295,4095,4205,13290,0
20200407,4165,4205,4110,4180,26424,0
20200406,4085,4200,4020,4165,15886,0
20200403,3940,4130,3905,4085,20785,0
20200402,3925,3940,3795,3940,11246,-1
20200401,3675,3940,3630,3925,82512,0
20200331,3640,3725,3525,3675,47844,0
20200330,3480,3650,3330,3560,76460,0
20200327,3490,3590,3405,3485,32713,0
20200326,3430,3680,3400,3440,72051,0
20200325,3410,3500,3395,3430,58842,0
20200324,3340,3500,3235,3380,209080,0
20200323,3495,3510,3330,3350,62828,0
20200320,3510,3740,3335,3740,58702,0
20200319,3970,4070,3550,3550,14062,0
20200318,4200,4200,3970,3970,29628,0
20200317,4100,4245,3915,4200,30451,0
20200316,4035,4435,3905,4280,160047,1
20200313,3405,4190,3350,4050,88834,0
20200312,3800,4055,3640,3705,29944,0
20200311,3840,3840,3710,3800,10568,0
20200310,3720,3845,3665,3845,14613,0
20200309,4005,4010,3770,3845,25248,0
20200306,3950,4090,3895,4020,25934,0
20200305,3895,3930,3880,3930,6907,0
20200304,3840,3885,3775,3885,10128,0
20200303,3800,3830,3750,3750,19169,0
20200302,3700,3920,3585,3710,140750,0
20200228,3895,4025,3845,3845,39576,0
20200227,4055,4135,4020,4055,102483,-1
20200226,4150,4245,4150,4190,16206,0
20200225,4310,4310,4200,4295,13232,0
20200224,4370,4370,4205,4320,44322,0
20200221,4590,4600,4395,4395,7376,0
20200220,4595,4605,4535,4540,5439,0
20200219,4600,4630,4535,4535,4703,0
20200218,4650,4670,4590,4600,6931,0
20200217,4730,4735,4590,4650,13800,0
20200214,4740,4740,4640,4725,17634,0
20200213,4590,4755,4590,4690,24321,0
20200212,4485,4645,4475,4590,34974,0
20200211,4450,4600,4435,4485,13005,0
20200210,4490,4490,4435,4450,4556,0
20200207,4385,4700,4355,4455,18110,0
20200206,4455,4460,4395,4435,3486,0
20200205,4465,4470,4410,4455,2635,0
20200204,4390,4465,4390,4465,10470,0
20200203,4450,4450,4195,4385,17288,0
20200131,4430,4460,4400,4440,3673,0
20200130,4465,4465,4420,4430,6616,0
20200129,4460,4525,4420,4440,19233,0
20200128,4470,4540,4420,4460,10757,0
20200123,4590,4590,4465,4545,7483,0
20200122,4490,4545,4485,4515,3504,0
20200121,4610,4610,4490,4490,11331,0
20200120,4520,4570,4520,4530,4543,0
20200117,4565,4575,4500,4545,7273,0
20200116,4485,4590,4440,4535,8403,0
20200115,4450,4490,4420,4440,5237,0
20200114,4435,4485,4385,4435,9828,0
20200113,4495,4495,4375,4435,19789,0
20200110,4455,4500,4420,4420,9652,0
20200109,4095,4460,4095,4455,173551,0
20200108,4365,4410,4050,4200,246029,-2020
20200107,4595,4670,4445,4465,79783,0
20200106,4680,4720,4545,4565,86775,0
20200103,4745,4745,4675,4675,14622,0
20200102,4735,4775,4700,4700,23859,0
20191230,4820,4880,4700,4735,10726,0
20191227,4800,4845,4765,4820,8075,0
20191226,4815,4850,4755,4820,17892,0
20191224,4850,4890,4800,4810,7011,0
20191223,4835,4880,4810,4865,3334,0
20191220,4815,4880,4805,4860,6292,0
20191219,4820,4900,4795,4830,7885,0
20191218,4725,4835,4705,4820,7360,0
20191217,4795,4860,4710,4740,7373,0
20191216,4850,4900,4795,4815,14009,0
20191213,4880,4895,4800,4895,6128,0
20191212,4840,4895,4790,4835,2603,1
20191211,4880,4900,4790,4800,8722,0
20191210,4810,4875,4770,4860,14862,0
20191209,4835,4875,4795,4850,4475,0
20191206,4850,4900,4780,4850,14582,4000
20191205,4905,4920,4815,4850,3400,0
20191204,4995,4995,4800,4845,11345,0
20191203,4900,5000,4850,4990,8143,0
20191202,5030,5030,4705,4905,13536,0
20191129,5030,5030,4905,4990,9311,0
20191128,4940,5000,4935,4950,6854,0
20191127,4940,5030,4915,4965,11444,0
20191126,5050,5050,4835,4925,24495,0
20191125,5000,5030,4920,4990,37304,0
20191122,4980,4980,4900,4960,15317,0
20191121,4870,5000,4850,4925,21300,0
20191120,4820,4925,4820,4870,17603,0
20191119,4960,4995,4830,4830,17808,0
20191118,4960,5000,4875,4900,27306,0
20191115,5010,5090,4950,4950,36517,0
20191114,5310,5420,4800,5040,110191,0
20191113,5340,5470,5260,5370,31289,0
20191112,5420,5420,5260,5280,17049,0
20191111,5200,5590,5160,5310,69863,0
20191108,5110,5200,5060,5170,10830,0
20191107,5090,5160,5070,5120,12728,0
20191106,5160,5170,5060,5080,29000,0
20191105,5180,5230,5070,5120,17174,0
20191104,5250,5250,5110,5180,14977,0
20191101,5160,5230,5120,5220,18147,0
20191031,5210,5220,5140,5200,10381,0
20191030,5270,5280,5090,5210,6912,0
20191029,5250,5280,5140,5240,9808,0
20191028,5180,5280,5160,5220,27776,0
20191025,5310,5310,5180,5240,10528,0
20191024,5290,5360,5220,5290,7280,0
20191023,5330,5330,5220,5300,18839,1236
20191022,5330,5440,5310,5320,16126,0
20191021,5330,5420,5310,5370,4188,0
20191018,5420,5420,5320,5390,12838,2200
20191017,5380,5430,5350,5360,2639,0
20191016,5360,5410,5360,5410,4817,0
20191015,5430,5430,5210,5400,5136,-1
20191014,5350,5430,5330,5410,10038,0
20191011,5340,5350,5230,5350,11410,0
20191010,5330,5360,5290,5310,10012,0
20191008,5360,5420,5230,5350,27918,0
20191007,5490,5490,5260,5400,27714,0
20191004,5410,5520,5380,5440,18273,0
20191002,5520,5520,5420,5480,15152,0
20191001,5440,5580,5420,5480,18435,-1
20190930,5430,5540,5390,5500,14289,-1
20190927,5390,5580,5390,5480,16588,0
20190926,5540,5590,5420,5420,16059,0
20190925,5620,5670,5490,5540,28734,-1
20190924,5680,5760,5600,5620,37416,1
20190923,5750,5750,5560,5610,64894,0
20190920,5600,5750,5580,5750,66076,0
20190919,5500,5650,5390,5610,123959,0
20190918,5370,5520,5370,5410,49718,0
20190917,5310,5380,5230,5350,39166,0
20190916,5300,5310,5250,5300,15874,0
20190911,5190,5390,5190,5250,21840,0
20190910,5360,5360,5150,5210,23237,0
20190909,5300,5380,5220,5220,28741,0
20190906,5330,5400,5260,5350,25803,0
20190905,5200,5360,5180,5330,53368,0
20190904,5140,5250,5140,5210,16829,0
20190903,5170,5240,5110,5200,34784,0
20190902,5390,5390,5110,5110,61261,0
20190830,5440,5640,5320,5340,190687,0
20190829,5740,5800,5320,5350,267523,0
20190828,5310,5410,5190,5400,68051,0
20190827,5370,5420,5210,5220,49400,0
20190826,5340,5510,5220,5290,90041,0
20190823,5500,5570,5300,5440,67876,0
20190822,5500,6000,5380,5570,707129,-2
20190821,5380,5430,5260,5430,47128,0
20190820,5430,5440,5300,5330,51131,0
20190819,5450,5470,5310,5370,34528,0
20190816,5540,5650,5290,5440,185852,0
20190814,5670,5840,5300,5450,190136,0
20190813,5440,5440,5210,5390,37129,0
20190812,5420,5580,5350,5410,53838,0
20190809,5200,5470,5150,5400,131610,0
20190808,4965,5130,4965,5030,62219,1
20190807,4820,5040,4820,4995,57516,1
20190806,4800,4950,4395,4840,93050,1
20190805,5120,5140,4855,4885,225208,1
20190802,4950,5150,4840,5010,238462,1
20190801,4630,5270,4630,4940,1606343,1
20190731,6500,6550,4560,4705,2028160,-2
20190730,6380,6570,6380,6500,4023,2
20190729,6540,6550,6200,6500,8652,0
20190726,6560,6700,6480,6550,14993,0
20190725,6580,6650,6500,6560,3994,0
20190724,6640,6640,6540,6580,2309,0
20190723,6630,6670,6550,6570,3170,0
20190722,6510,6600,6430,6580,8520,0
20190719,6610,6650,6410,6510,12669,0
20190718,6550,6690,6280,6600,9521,0
20190717,6570,6590,6490,6550,5132,0
20190716,6650,6650,6530,6570,6629,0
20190715,6600,6660,6540,6640,17307,0
20190712,6630,6700,6600,6650,6515,0
20190711,6600,6930,6550,6630,4595,0
20190710,6600,6600,6520,6560,1474,0
20190709,6620,6620,6510,6560,4940,0
20190708,6680,6680,6550,6620,2377,0
20190705,6700,6700,6600,6680,4549,0
20190704,6670,6700,6590,6700,4856,0
20190703,6680,6690,6600,6670,3096,0
20190702,6480,6710,6480,6690,7520,0
20190701,6580,6630,6540,6600,5426,0
20190628,6750,6750,6460,6460,26865,0
20190627,6730,6750,6700,6730,7050,0
20190626,6730,6750,6700,6740,3949,0
20190625,6770,6770,6670,6750,4323,0
20190624,6740,6800,6730,6760,7422,0
20190621,6800,6800,6740,6740,8495,0
20190620,6780,6800,6720,6780,4001,0
20190619,6740,6780,6700,6770,11026,0
20190618,6770,6810,6720,6790,4379,0
20190617,6860,6870,6510,6770,3782,0
20190614,6830,6850,6790,6830,20490,0
20190613,6830,6870,6790,6820,21112,0
20190612,6800,6820,6740,6780,4865,0
20190611,6810,6820,6740,6790,9837,0
20190610,6800,6810,6750,6800,8965,0
20190607,6780,6890,6740,6750,13492,0
20190605,6750,6850,6750,6780,8028,0
20190604,6770,6800,6730,6780,6983,0
20190603,6840,6840,6610,6800,3221,0
20190531,6810,6890,6750,6880,10606,0
20190530,6900,6900,6750,6850,7490,0
20190529,6900,6900,6770,6830,18629,0
20190528,6850,6880,6750,6880,15615,6463
20190527,6900,6900,6700,6800,20775,0
20190524,6930,6950,6780,6820,13119,0
20190523,6860,6920,6810,6870,13288,0
20190522,6900,6930,6830,6860,14407,0
20190521,6640,6920,6640,6860,72089,0
20190520,6840,6840,6640,6690,7019,0
20190517,6800,6840,6600,6720,25370,0
20190516,6830,6900,6760,6770,12056,0
20190515,6750,6870,6660,6840,15503,0
20190514,6570,6740,6570,6730,8021,0
20190513,6610,6770,6490,6720,17433,0
20190510,6650,6740,6590,6610,10791,0
20190509,6690,6710,6590,6590,10769,0
20190508,6720,6820,6600,6660,12692,0
20190507,6830,6830,6600,6730,20031,0
20190503,6730,6920,6520,6860,23864,0
20190502,6820,6820,6670,6710,21330,0
20190430,6780,6820,6730,6820,10871,0
20190429,6750,6820,6710,6780,7899,0
20190426,6840,6860,6690,6750,19680,0
20190425,6840,6910,6720,6860,14239,0
20190424,6920,6920,6760,6840,19811,0
20190423,6950,6950,6800,6890,18462,0
20190422,6950,6960,6840,6900,15315,0
20190419,6830,6910,6830,6910,10728,0
20190418,6860,6960,6840,6840,27677,0
20190417,6850,6930,6810,6870,34486,0
20190416,6890,7080,6860,6880,132755,0
20190415,7570,7670,6770,6830,398917,0
20190412,7730,7730,7550,7550,3730,0
20190411,7800,7800,7600,7730,17791,0
20190410,7880,7880,7620,7750,5460,0
20190409,7870,7870,7650,7800,7070,0
20190408,7850,7850,7630,7800,7334,0
20190405,7770,7820,7600,7780,6772,0
20190404,7850,7850,7570,7820,6156,0
20190403,7700,7900,7500,7720,12717,0
20190402,7540,7700,7350,7700,14536,0
20190401,7630,7800,7540,7540,18217,0
20190329,7700,7880,7460,7800,30026,0
20190328,7500,7650,7200,7640,25764,0
20190327,7600,7750,7490,7490,4873,0
20190326,7730,7730,7580,7600,6841,0
20190325,7600,7700,7470,7600,40972,0
20190322,7500,7580,7280,7530,16734,0
20190321,7350,7510,7110,7500,55098,0
20190320,7000,7450,6830,7280,180321,-98634
20190319,6910,6980,6840,6980,15247,0
20190318,7050,7050,6860,6920,15835,0
20190315,7050,7050,6930,6990,8484,-138
20190314,7080,7080,6910,6970,6424,0
20190313,7190,7190,6950,7000,2019,-773
20190312,7070,7070,6930,7000,5488,-189
20190311,7170,7170,6860,7000,8477,-63
20190308,6940,7080,6940,7020,4659,0
20190307,7190,7190,7030,7030,8817,0
20190306,7200,7200,7060,7100,4664,-2
20190305,7120,7150,7050,7130,8936,0
20190304,7170,7200,7000,7120,7268,0
20190228,7060,7150,6860,7150,36092,-200
20190227,7100,7100,7000,7060,1480,0
20190226,7060,7150,6990,7100,12768,-1
20190225,7060,7120,7030,7100,8333,0
20190222,7050,7200,7040,7080,12431,0
20190221,7130,7160,7040,7070,13461,0
20190220,7230,7230,7060,7130,9737,0
20190219,7130,7230,7120,7200,5356,0
20190218,7240,7240,7170,7200,2521,0
20190215,7210,7240,7120,7190,7292,0
20190214,7250,7250,7130,7220,3735,0
20190213,7260,7270,7160,7240,1974,0
20190212,7270,7290,7160,7270,4847,-42
20190211,7210,7320,7090,7270,5380,0
20190208,7090,7300,7030,7280,24485,0
20190207,6920,7100,6860,7030,38632,0
20190201,7030,7060,6530,6890,63673,0
20190131,7200,7200,6790,6910,107090,0
20190130,7290,7350,7060,7300,89302,0
20190129,7600,7600,7220,7450,257658,100000
20190128,7600,7730,7600,7650,2786,0
20190125,7710,7900,7640,7710,2210,0
20190124,7570,7730,7570,7710,11878,0
20190123,7760,7800,7560,7560,4527,0
20190122,7800,7870,7670,7760,7791,0
20190121,7760,7780,7650,7760,7196,0
20190118,7820,7940,7670,7670,5770,7
20190117,7700,7830,7620,7740,9984,7
20190116,7870,7870,7680,7700,11388,7
20190115,7920,7980,7810,7880,9911,7
20190114,7820,7940,7680,7920,18101,7
20190111,7770,7900,7480,7700,32495,7
20190110,7600,7690,7460,7640,11738,0
20190109,7790,7800,7500,7550,4280,0
20190108,7790,7790,7480,7550,4859,0
20190107,7910,7910,7540,7600,9316,0
20190104,7470,7800,7310,7630,33227,0
20190103,7550,7660,7400,7470,9388,0
20190102,7700,7700,7470,7510,7111,0
20181228,7800,7890,7390,7500,24701,0
20181227,7550,7700,7330,7500,50795,0
20181226,7470,7600,7060,7480,7558,0
20181224,7450,7600,7320,7450,2846,0
20181221,7490,7530,7380,7450,3340,0
20181220,7470,7570,7400,7490,1417,0
20181219,7530,7560,7430,7470,3199,0
20181218,7550,7690,7170,7520,9222,0
20181217,7580,7810,7400,7520,16938,0
20181214,7510,7750,7380,7550,10983,0
20181213,7500,7500,7410,7480,7239,0
20181212,7500,7660,7400,7480,14923,0
20181211,7990,7990,7460,7460,8579,0
20181210,7460,7870,7420,7710,31545,0
20181207,7850,7850,7400,7650,20877,0
20181206,7670,7840,7380,7670,53095,0
20181205,7530,7870,7340,7730,65356,0
20181204,7340,7690,7260,7680,136394,0
20181203,7360,7450,7220,7260,44394,0
20181130,6840,7520,6610,7420,219207,0
20181129,6770,6880,6750,6830,7257,0
20181128,6740,6860,6700,6770,10932,0
20181127,6860,7040,6770,6800,12418,0
20181126,7040,7040,6790,6850,17996,0
20181123,7330,7330,6910,7040,5248,0
20181122,7030,7200,6740,7160,18472,0
20181121,7070,7190,6890,6960,5810,0
20181120,7000,7130,6790,7070,33165,0
20181119,6970,7300,6920,7130,36191,0
20181116,7160,7160,6880,6950,13997,0
20181115,7000,7160,6850,7000,45568,0
20181114,6880,7040,6780,6880,26447,0
20181113,6800,7080,6550,6870,23686,0
20181112,6630,7710,6410,6800,171688,0
20181109,6300,6630,6120,6630,59608,0
20181108,6380,6490,6130,6310,28836,0
20181107,6760,6760,6330,6370,36624,0
20181106,6700,6790,6650,6730,2865,0
20181105,6740,6790,6600,6700,5713,0
20181102,6650,6800,6500,6740,26433,0
20181101,6950,6950,6630,6630,11978,0
20181031,6620,6800,6600,6750,13357,0
20181030,6540,6790,6450,6570,23617,0
20181029,6600,6630,6450,6530,8502,1
20181026,6660,6680,6300,6560,9634,0
20181025,6680,6710,6470,6660,15914,0
20181024,6550,6840,6300,6670,17701,0
20181023,6620,6720,6300,6530,10174,0
20181022,6600,6680,6500,6620,30195,0
20181019,6500,6570,6320,6570,12855,-8
20181018,6680,6680,6210,6440,14288,0
20181017,6520,6640,6260,6500,46262,0
20181016,6640,6690,6260,6500,93902,0
20181015,6300,7160,6000,6700,123747,0
20181012,5500,6190,5460,6190,57304,-8
20181011,6100,6200,5350,5480,60863,0
20181010,6300,6300,6120,6160,33891,-8
20181008,6350,6410,6280,6300,8744,0
20181005,6440,6500,6300,6310,16845,0
20181004,6670,6670,6430,6440,22114,0
20181002,6670,6790,6500,6670,24101,0
20181001,6450,6740,6400,6670,33036,0
20180928,6560,6610,6480,6500,19581,0
20180927,6520,6690,6490,6560,18342,0
20180921,6590,6730,6490,6510,15393,0
20180920,6580,6630,6550,6590,17303,0
20180919,6670,6760,6580,6600,8510,0
20180918,6620,6700,6590,6670,3765,0
20180917,6780,6780,6600,6620,6535,0
20180914,6650,6800,6630,6670,6488,8
20180913,6590,6770,6550,6650,9631,0
20180912,6550,6800,6500,6600,30669,0
20180911,6560,6630,6500,6600,7659,0
20180910,6710,6770,6550,6600,25951,8
20180907,6760,6790,6680,6770,3908,0
20180906,6800,6800,6710,6800,2677,8
20180905,6720,6870,6690,6800,7323,0
20180904,6780,6890,6740,6820,4146,0
20180903,6800,6830,6690,6790,4772,0
20180831,6780,6940,6690,6690,21405,0
20180830,6710,6920,6710,6850,8522,-1
20180829,6670,7000,6660,6840,18726,0
20180828,6700,6890,6700,6740,1155,-1
20180827,7050,7050,6680,6780,13363,0
20180824,6810,6940,6770,6910,2881,0
20180823,6760,6870,6720,6840,14998,0
20180822,6800,6950,6740,6790,6072,0
20180821,6890,6970,6780,6800,6355,0
20180820,6930,6930,6790,6900,3466,0
20180817,6830,6990,6790,6910,3178,0
20180816,6770,6930,6710,6870,7915,2
20180814,6650,6960,6640,6870,19156,0
20180813,6800,6970,6570,6650,5965,0
20180810,6910,6990,6810,6900,3867,0
20180809,6810,6950,6800,6840,15453,0
20180808,6950,7140,6850,6850,9705,0
20180807,7030,7030,6900,6950,5730,0
20180806,7050,7060,6910,7050,6254,0
20180803,6880,7180,6800,7050,12825,0
20180802,6730,6950,6620,6870,10405,0
20180801,6720,6900,6630,6730,29337,0
20180731,6800,6840,6720,6720,4033,0
20180730,6720,6860,6700,6800,1885,0
20180727,6600,6880,6600,6790,13289,0
20180726,6450,6860,6400,6710,9350,0
20180725,6710,6910,6530,6660,6123,0
20180724,6540,6960,6540,6720,16760,0
20180723,6710,6890,6540,6690,15269,0
20180720,6740,6930,6640,6730,18197,0
20180719,6840,6980,6690,6740,28563,0
20180718,6940,7130,6700,6990,13903,0
20180717,7210,7210,6940,6970,13659,0
20180716,7120,7400,6910,7100,11734,0
20180713,7000,7220,6990,7120,18604,0
20180712,7000,7160,6900,7000,15126,0
20180711,6980,7180,6780,7000,10764,0
20180710,6900,7050,6750,7020,10508,0
20180709,6640,6840,6640,6810,7995,0
20180706,6810,6900,6610,6800,25965,0
20180705,7000,7000,6730,6900,14597,0
20180704,6610,7040,6610,6890,19696,0
20180703,6530,6990,6530,6770,24625,0
20180702,6800,6870,6600,6600,20615,0
20180629,6830,7120,6600,6750,17950,0
20180628,6820,7020,6520,6830,48061,0
20180627,7200,7280,6740,6780,110113,0
20180626,7410,7420,7030,7170,50267,0
20180625,7610,7750,7450,7460,35358,0
20180622,7800,7890,7400,7710,39198,0
20180621,7920,8140,7780,7790,56947,0
20180620,7870,8100,7850,7950,49063,0
20180619,8150,8150,7670,7950,106903,0
20180618,8650,8840,7890,8070,106489,0
20180615,8400,8800,8230,8700,142169,0
20180614,8860,8980,8080,8400,181791,0
20180612,9500,9500,8630,9000,1079723,0
20180611,7390,9500,7390,9350,3345491,-26000
20180608,7260,7550,7040,7340,58925,0
20180607,7240,7450,7120,7290,35426,0
20180605,7520,7790,7110,7240,83175,0
20180604,7710,7900,7500,7590,110691,0
20180601,7600,8080,7350,7700,512734,6000
20180531,7370,7850,7180,7520,341501,0
20180530,6650,7500,6620,7460,618600,10000
20180529,7030,7030,6720,6720,108903,0
20180528,6650,6940,6640,6860,124805,4000
20180525,6740,6840,6520,6530,124432,0
20180524,6940,6950,6690,6860,200512,2000
20180523,6420,7660,6420,7040,913491,-8000
20180521,6360,6440,6260,6380,16419,0
20180518,6260,6450,6200,6360,20216,0
20180517,6290,6500,6250,6340,25181,0
20180516,6200,6320,6150,6270,44112,0
20180515,6630,6710,6280,6380,56407,0
20180514,6390,6720,6250,6520,100401,0
20180511,6070,6380,6070,6340,55213,0
20180510,6290,6290,6060,6140,42125,-1
20180509,5900,6300,5870,6140,139248,690
20180508,6500,6650,6190,6190,67565,-690
20180504,6620,6940,6450,6500,136482,0
20180503,7400,7400,7020,7050,100916,0
20180502,6610,8440,6600,7560,577021,-4000
20180430,6840,6960,6650,6670,24425,0
20180427,7040,7040,6830,6890,12549,0
20180426,6830,6990,6820,6930,26140,3000
20180425,6770,6980,6770,6820,29730,1000
20180424,7000,7000,6760,6760,31265,0
20180423,7040,7040,6840,6980,35346,0
20180420,7240,7350,7020,7040,51691,0
20180419,7570,7600,7160,7240,69570,0
20180418,7970,7990,7460,7550,126120,0
20180417,8950,9280,7840,7950,285782,-13400
20180416,16050,16450,15600,15900,187550,2700
20180413,15500,16100,15400,16100,162102,0
20180412,15000,15600,14950,15100,59851,0
20180411,15400,16200,15000,15000,194316,6000
20180410,15150,15200,14850,15150,52023,2000
20180409,14750,15200,14650,15100,56289,2000
20180406,14850,15000,14500,14750,60585,0
20180405,14850,15100,14400,14750,101230,0
20180404,15300,15500,14800,14900,192817,0
20180403,16800,16800,14300,15150,449652,0
20180402,12250,15900,12250,15900,327166,-191
20180330,12050,12500,11850,12250,8371,0
20180329,11800,12200,11650,11850,6277,0
20180328,12200,12550,11800,11800,13792,0
20180327,12650,12650,12200,12200,12839,0
20180326,11800,12450,11700,12200,36457,0
20180323,11750,11950,11650,11900,6296,0
20180322,11950,12000,11700,11950,4435,0
20180321,12200,12200,11800,12000,8303,0
20180320,11900,12200,11450,12100,22119,0
20180319,11550,12000,11150,11750,9167,0
20180316,11400,11400,11100,11100,607,191
20180315,11000,11350,11000,11250,1860,0
20180314,11500,11550,11000,11100,2939,0
20180313,11550,11550,11350,11500,1351,0
20180312,11700,11700,11200,11550,8542,0
20180309,11300,11600,10950,11600,5076,0
20180308,11050,11300,11000,11150,1306,0
20180307,10750,11500,10700,11150,6400,0
20180306,10900,10900,10700,10900,2154,0
20180305,11100,11100,10700,10700,1294,-1
20180302,11000,11350,10750,10850,2764,-1
20180228,10950,11200,10600,10750,5194,-1
20180227,11600,11650,10600,11250,5758,-2
20180226,10900,11850,10900,11350,4325,-3
20180223,11000,11100,10750,10900,2210,-3
20180222,11200,11400,10850,10900,2010,-4
20180221,11300,11400,11050,11350,1669,-6
20180220,11050,11400,11050,11350,1990,-8
20180219,11300,11400,11050,11200,5596,-11
20180214,11450,11500,11250,11450,2876,-14
20180213,11850,12000,11400,11550,4458,1
20180212,11750,11950,11550,11850,2190,1
20180209,11700,11700,11450,11650,6763,2
20180208,11750,11900,11450,11700,4092,0
20180207,12000,12200,11450,11450,11578,1
20180206,11950,12200,11000,12200,15575,0
20180205,11750,12400,11600,12100,32682,0
20180202,11850,11900,11600,11750,5560,0
20180201,11750,11950,11500,11650,15487,0
20180131,11000,11950,10650,11850,46747,0
20180130,10900,11000,10700,10900,9377,0
20180129,10400,10950,10400,10900,46071,0
20180126,10400,10400,10300,10400,5319,0
20180125,10450,10450,10250,10300,851,0
20180124,10450,10450,10200,10400,2247,0
20180123,10450,10450,10200,10300,2339,0
20180122,10400,10450,10300,10350,3134,0
20180119,10300,10350,10200,10250,1828,0
20180118,10200,10350,10200,10300,1761,0
20180117,10000,10500,9950,10150,11672,0
20180116,10100,10100,9940,10000,2457,1
20180115,10050,10100,9950,10000,6272,1
20180112,9970,10050,9950,10050,4137,0
20180111,10100,10100,9970,10050,4318,0
20180110,9990,10100,9930,10100,4033,0
20180109,9980,10000,9950,9950,2582,0
20180108,10100,10100,9970,10000,3568,0
20180105,10050,10100,9990,10050,5760,0
20180104,10400,10400,9960,9980,16779,0
20180103,10300,10500,10300,10400,5594,0
20180102,10050,10300,10050,10300,2775,0
20171228,9920,10250,9860,10050,4135,0
20171227,9770,9910,9720,9870,4904,0
20171226,9810,9960,9740,9740,10637,0
20171222,9750,9970,9750,9900,1771,0
20171221,10050,10050,9800,9800,7101,0
20171220,10000,10150,10000,10000,5637,0
20171219,10050,10250,10000,10150,4322,0
20171218,10250,10500,10050,10050,3483,0
20171215,10550,10650,10200,10300,6863,0
20171214,10050,10800,10050,10550,23999,0
20171213,10000,10100,9970,9980,3741,0
20171212,10150,10150,10000,10150,1256,1
20171211,10200,10200,9990,10150,570,1
20171208,10100,10250,9900,10150,4883,1
20171207,10200,10200,9980,10100,4889,2
20171206,10100,10250,10050,10150,2388,3
20171205,10050,10550,10050,10100,4990,3
20171204,10250,10250,10050,10100,5225,4
20171201,10200,10600,10150,10250,6912,6
20171130,10000,10800,9930,10150,16610,8
20171129,9900,10050,9900,9980,1938,5
20171128,9950,10100,9950,9950,4065,7
20171127,10150,10150,9950,9990,2813,0
20171124,10000,10150,9980,10050,2328,0
20171123,10050,10250,9920,10000,7647,0
20171122,10300,10300,9990,9990,8571,0
20171121,10300,10300,10050,10200,6813,0
20171120,10300,10350,10100,10300,14387,0
20171117,10350,10350,10100,10300,4313,0
20171116,10600,10600,10150,10350,6859,0
20171115,10400,10900,10400,10600,7399,-1
20171114,10200,10850,10200,10500,18295,4
20171113,10050,10300,10050,10200,5083,0
20171110,10100,10300,10050,10200,4564,0
20171109,10050,10350,9990,10250,9315,0
20171108,10000,10150,10000,10050,5200,0
20171107,10000,10200,9990,10150,4833,0
20171106,10000,10100,10000,10100,4190,0
20171103,10200,10200,10000,10150,2468,0
20171102,10000,10100,9970,10050,5952,0
20171101,10000,10150,9980,10100,4620,0
20171031,10150,10250,9960,10000,10099,0
20171030,10450,10700,10150,10250,9779,0
20171027,10150,10500,10150,10400,7404,0
20171026,10100,10400,10000,10150,9877,0
20171025,9980,10250,9960,10150,2656,0
20171024,10150,10150,9980,9980,4194,0
20171023,10100,10100,9920,9990,8467,0
20171020,9920,10350,9920,10000,14263,0
20171019,10100,10100,9810,9910,14524,0
20171018,9950,10150,9950,9990,3870,0
20171017,10250,10250,9950,10100,9225,0
20171016,10400,10550,9750,9970,23066,0
20171013,10550,11050,10400,10400,39074,0
20171012,10700,11000,10500,10500,22607,0
20171011,10800,11100,10500,10550,43398,0
20171010,10600,10700,10300,10500,28254,0
20170929,11450,13050,10350,10450,390561,0
20170928,11400,11750,11000,11300,65909,0
20170927,11300,11500,10750,11400,162964,4
20170926,9520,11750,9290,11750,273902,-1000
20170925,9650,9970,9050,9050,4712,1000
20170922,10150,10150,9700,9710,18597,0
20170921,10150,10150,9950,10000,4898,0
20170920,10050,10100,9960,10100,3248,0
20170919,10000,10150,9970,10050,2504,0
20170918,10250,10250,10000,10150,836,0
20170915,9970,10250,9940,10250,1606,0
20170914,10150,10300,9970,9970,3920,0
20170913,10300,10300,9980,10050,3157,0
20170912,10100,10300,9880,10150,6079,0
20170911,10000,10300,9890,9930,4785,0
20170908,10000,10000,9910,9980,1968,0
20170907,10200,10200,9780,9910,6764,0
20170906,10000,10200,9960,9990,1824,0
20170905,10100,10150,9950,10050,1438,0
20170904,10000,10100,9900,9980,20338,0
20170901,10150,10350,10000,10150,7433,0
20170831,10400,10400,10000,10150,3383,0
20170830,10050,10600,9960,10400,8162,0
20170829,9990,10000,9930,9990,7898,0
20170828,10200,10300,9960,9990,7144,-1247
20170825,10200,10250,10000,10150,5310,0
20170824,10050,10100,9900,10000,6672,0
20170823,10500,10500,9880,9950,37524,1247
20170822,10700,10700,10250,10500,2604,0
20170821,10700,10700,10450,10550,1399,0
20170818,10400,10850,10350,10650,2219,0
20170817,10550,10800,10350,10500,4126,0
20170816,10500,10650,10250,10650,5674,0
20170814,10200,10500,10150,10250,4446,0
20170811,11000,11000,10150,10250,18179,0
20170810,11200,11250,11000,11000,2326,0
20170809,11200,11350,11200,11200,851,0
20170808,11300,11500,11250,11250,798,0
20170807,11550,11650,11400,11500,1083,0
20170804,11450,11850,11400,11550,4238,0
20170803,11900,11900,11400,11450,3572,0
20170802,11400,11900,11250,11900,3023,0
20170801,11250,11500,11100,11400,2668,0
20170731,11450,11450,11050,11250,6180,0
20170728,11350,11500,11150,11450,2383,0
20170727,11450,11450,11250,11400,2497,0
20170726,11500,11500,11150,11300,3368,0
20170725,11550,11550,11300,11300,5401,0
20170724,11650,11650,11350,11400,5388,0
20170721,11500,11650,11400,11600,4158,0
20170720,11900,11900,11400,11500,5616,0
20170719,11900,11900,11550,11700,2708,0
20170718,11650,11900,11500,11700,3326,0
20170717,11900,11900,11550,11550,3985,0
20170714,11400,12100,11150,11900,15213,0
20170713,11350,11900,11150,11550,22108,0
20170712,12250,12300,11200,11300,40732,0
20170711,12500,12500,11500,12200,39645,0
20170710,12400,12750,12100,12450,9725,0
20170707,12500,13000,12350,12400,8325,0
20170706,12650,12700,12250,12400,9522,0
20170705,12500,12850,12500,12600,1544,0
20170704,12850,13050,12550,12550,6440,0
20170703,12750,12950,12500,12850,4281,0
20170630,12650,12850,12500,12750,1785,0
20170629,12600,12750,12600,12750,882,0
20170628,13000,13000,12450,12600,5021,0
20170627,12800,13100,12500,12750,8849,0
20170626,13000,13000,12500,12650,6339,0
20170623,13050,13100,12750,12750,2276,0
20170622,13000,13200,12800,12800,4443,0
20170621,12700,13150,12600,13150,4449,0
20170620,13100,13150,12650,12700,14060,0
20170619,13300,13400,13050,13050,9033,0
20170616,13400,13600,13000,13100,10551,0
20170615,13700,13700,13350,13450,2281,0
20170614,13350,13700,13350,13650,3596,0
20170613,13550,13600,13400,13550,2590,0
20170612,13650,13850,13350,13400,6088,0
20170609,13350,13750,13350,13650,2032,0
20170608,13550,13900,13400,13400,16650,0
20170607,13450,13700,13200,13650,9453,0
20170605,13100,13400,13100,13200,3333,0
20170602,13350,13400,13100,13100,16418,0
20170601,12700,13300,12550,13050,10409,0
20170531,12450,12700,12350,12600,8217,0
20170530,12350,12600,12300,12600,7619,0
20170529,12700,12750,12000,12350,39988,0
20170526,12850,12950,12600,12700,3173,0
20170525,13000,13100,12650,12650,11364,0
20170524,12750,13150,12700,12950,4271,0
20170523,12950,13150,12800,13000,6212,0
20170522,13150,13150,12350,12950,22376,0
20170519,12700,13300,12650,12700,8612,0
20170518,12600,12750,12250,12700,18736,0
20170517,13200,13200,12100,12550,29484,0
20170516,12850,13200,12850,13000,12485,0
20170515,13100,13250,12600,12850,24830,0
20170512,13300,13500,13050,13250,8845,0
20170511,13300,13700,13050,13300,8437,0
20170510,14000,14000,13300,13300,19633,0
20170508,13500,13900,13350,13700,5453,0
20170504,13700,13700,13300,13400,5984,0
20170502,13650,13650,13200,13450,10405,0
20170428,13650,13700,13350,13400,7102,0
20170427,13700,13900,13500,13500,4385,0
20170426,13750,13950,13450,13800,5004,0
20170425,13500,13700,13300,13550,8264,0
20170424,13700,13700,13400,13500,4578,0
20170421,13800,13800,13500,13700,10012,0
20170420,14050,14050,13550,13550,9170,0
20170419,13900,14050,13750,13800,3830,0
20170418,13650,13700,13550,13700,2022,0
20170417,13650,13750,13450,13500,9129,0
20170414,13900,13900,13300,13650,19847,0
20170413,14000,14000,13750,13800,5380,0
20170412,14300,14300,13750,14050,5240,0
20170411,14100,14200,13700,14200,1731,0
20170410,14200,14200,13700,13850,6229,0
20170407,13700,14200,13700,14200,4430,0
20170406,14250,14250,13650,13650,8155,0
20170405,13950,14400,13900,14000,7018,0
20170404,14150,14350,14000,14000,6666,0
20170403,13850,14350,13850,14300,2417,0
20170331,14000,14400,13600,14000,9226,0
20170330,14250,14250,13750,13750,6649,-214
20170329,14100,14500,13800,13950,10878,-242
20170328,14200,14200,13850,14050,6059,-201
20170327,13700,14100,13550,13650,8854,0
20170324,14100,14600,13700,13800,16846,-342
20170323,14000,14600,13950,14200,11004,0
20170322,14300,14500,14000,14000,7862,0
20170321,14100,14650,14000,14100,4270,0
20170320,14700,14700,14100,14200,9292,0
20170317,14250,14750,14000,14400,13892,0
20170316,14700,14750,14100,14300,11140,0
20170315,14550,14950,14150,14500,9472,0
20170314,14450,14750,14000,14550,10098,0
20170313,14900,14900,14400,14450,16210,0
20170310,14750,15450,14050,14850,34048,0
20170309,16000,16100,14600,14600,34971,0
20170308,15250,16000,15250,15900,32561,0
20170307,15000,15750,14450,15400,33112,0
20170306,14950,15000,14700,14900,14667,0
20170303,15000,15200,14350,14800,28916,0
20170302,13550,14850,13550,14600,24323,1
20170228,13950,13950,13500,13550,6407,0
20170227,13650,13850,13500,13500,10690,69
20170224,13950,14000,13550,13650,10599,0
20170223,14000,14100,13700,13900,10256,-390
20170222,13550,14250,13500,14000,26256,0
20170221,13400,13550,13100,13550,21715,0
20170220,13450,13650,13250,13350,27907,0
20170217,14300,14300,13600,13650,23104,0
20170216,14600,15600,14000,14000,98060,-77
20170215,14450,14900,14200,14600,52380,0
20170214,15200,15350,14350,14450,71283,0
20170213,13600,15000,13600,15000,157881,0
20170210,13200,13800,13200,13600,32662,0
20170209,13500,13550,13050,13300,28373,0
20170208,12550,13500,12500,13050,24672,0
20170207,12800,12800,12300,12650,7559,0
20170206,12200,12900,12100,12800,12808,0
20170203,12200,12550,12150,12200,11058,0
20170202,12200,12600,12000,12300,18723,0
20170201,12600,12750,11900,12200,33640,0
20170131,12500,12900,12450,12650,8917,0
20170126,12800,12800,12400,12550,4840,0
20170125,13450,13600,12400,12600,25074,0
20170124,13350,13750,13050,13150,16873,0
20170123,13600,14350,13050,13500,80559,0
20170120,12700,13500,12550,13400,65482,0
20170119,12350,12650,12200,12650,11669,0
20170118,12400,12400,12100,12200,11994,0
20170117,12150,12500,12150,12350,4226,-160
20170116,12500,12550,12100,12300,6683,0
20170113,12000,12500,11950,12500,16205,0
20170112,12600,12600,12100,12100,12265,0
20170111,12650,12650,12200,12350,5491,0
20170110,12750,12800,12350,12400,7169,0
20170109,12300,12850,12300,12750,13418,0
20170106,12500,12600,12300,12300,10927,0
20170105,12350,12550,12150,12550,12857,0
20170104,11650,12500,11600,12350,42427,0
20170103,11800,11800,11500,11650,21338,0
20170102,11700,11900,11550,11800,15608,0
20161229,11800,11800,11500,11750,5950,0
20161228,11600,11850,11400,11850,24590,0
20161227,12100,12200,11600,11600,21208,0
20161226,12000,12200,11900,12000,12317,0
20161223,11850,12050,11700,11900,9662,0
20161222,11900,12050,11650,12000,13979,0
20161221,12100,12100,11700,11950,19049,0
20161220,12100,12250,11850,12100,12292,-600
20161219,13150,13150,12000,12050,42048,600
20161216,12650,12950,12450,12950,25328,0
20161215,12200,12650,12100,12650,15762,0
20161214,12700,13300,12450,12500,28155,0
20161213,12350,12650,12100,12650,15255,0
20161212,12050,12300,12050,12300,13504,0
20161209,12550,12550,11900,12350,26529,0
20161208,12200,12700,12000,12550,22275,347
20161207,12250,12500,11950,12200,17287,518
20161206,12500,12750,12300,12500,23805,0
20161205,11700,12350,11500,12300,32917,36
20161202,11400,11750,11150,11650,31365,346
20161201,11700,11800,11350,11400,39524,310
20161130,12200,12300,11700,11800,25858,0
20161129,12500,12600,12050,12200,47663,0
20161128,13100,13400,12250,12500,47579,0
20161125,12950,13700,12950,13250,36578,0
20161124,13650,13750,12800,13150,43419,0
20161123,13100,13900,13100,13650,72408,0
20161122,13000,13300,12900,13050,25886,0
20161121,14100,14100,12750,13050,93440,0
20161118,13950,15550,13800,14050,442132,0
20161117,13250,13750,12700,13600,79806,0
20161116,13300,14150,13000,13850,136160,0
20161115,13800,14500,13000,13200,193951,0
20161114,12500,13850,12400,13850,260999,0
20161111,12850,12850,12000,12250,64083,0
20161110,11900,12750,11850,12650,138074,0
20161109,13300,13300,10600,12000,244521,0
20161108,13800,13900,13200,13400,155335,0
20161107,13700,14200,13400,14200,275285,0
20161104,11900,14750,11550,13950,864659,0
20161103,10800,12550,10500,11400,363809,0
20161102,12200,14400,10400,10750,708985,0
20161101,10650,12600,10650,12600,117478,0
20161031,9980,9980,9580,9700,10106,0
20161028,9800,9800,9500,9700,1878,0
20161027,9250,9640,9240,9600,6260,0
20161026,9850,9980,9250,9250,14315,0
20161025,9970,9970,9770,9950,3263,0
20161024,9970,9970,9830,9970,2466,0
20161021,9960,10100,9900,9970,1375,0
20161020,10200,10300,9920,10100,3499,0
20161019,10150,10200,9960,10150,1485,0
20161018,9920,10100,9860,10050,2710,0
20161017,9890,9930,9690,9920,6403,0
20161014,9810,9900,9650,9890,6531,0
20161013,9960,9960,9720,9850,39078,0
20161012,9850,9970,9680,9930,2004,0
20161011,9890,9970,9650,9850,7106,0
20161010,10000,10050,9630,9730,12985,0
20161007,10000,10150,9930,10050,3210,0
20161006,10250,10250,9950,10150,3217,0
20161005,10250,10350,10100,10250,3479,0
20161004,9980,10300,9980,10250,7394,0
20160930,10000,10100,9930,10000,853,0
20160929,9950,10100,9900,10100,3371,0
20160928,10300,10300,9900,10000,7795,0
20160927,10150,10150,9840,10100,6394,0
20160926,10100,10100,9900,9950,7436,0
20160923,9940,10050,9920,10050,4829,0
20160922,10000,10000,9930,10000,1370,0
20160921,9920,10100,9920,10000,1758,0
20160920,10100,10150,9970,10100,2522,0
20160919,10250,10250,9990,10100,2266,0
20160913,10000,10200,9930,10200,1049,0
20160912,10300,10300,9880,10050,2507,0
20160909,10100,10500,9910,9920,6875,0
20160908,10300,10300,10000,10000,8061,0
20160907,10600,10600,10150,10300,3199,0
20160906,10200,10700,10050,10450,10079,0
20160905,10350,10350,10000,10100,5469,0
20160902,10200,10250,9920,10200,5006,0
20160901,10450,10500,10000,10100,13289,0
20160831,10550,10550,9950,10400,9151,0
20160830,10400,10750,10100,10450,16267,0
20160829,10900,11100,10500,10650,8776,0
20160826,11250,11250,10900,11100,2097,0
20160825,11250,11250,11050,11250,3093,0
20160824,11050,11250,11000,11250,2815,0
20160823,11450,11850,10900,11000,11240,0
20160822,11650,11650,11250,11550,4364,0
20160819,11450,11700,11400,11700,4051,0
20160818,11600,11700,11300,11550,1440,0
20160817,11700,11900,11350,11600,7534,0
20160816,11700,11900,11000,11800,6509,0
20160812,11650,11850,11600,11850,1419,0
20160811,11700,11900,11650,11900,2159,0
20160810,11950,11950,11500,11900,6380,0
20160809,11750,11900,11600,11900,5108,0
20160808,12050,12150,11800,11900,2435,0
20160805,12200,12200,11900,12050,4801,0
20160804,12100,12350,11850,12200,6772,0
20160803,12000,12200,11550,12100,12068,0
20160802,12000,12050,11650,11800,6360,0
20160801,12100,12100,11800,12100,2323,0
20160729,11450,12150,11400,12150,13068,0
20160728,11850,11850,11400,11650,5021,0
20160727,11700,11850,11550,11650,2650,0
20160726,11900,11950,11600,11700,2154,0
20160725,11950,12150,11700,11900,5651,0
20160722,11900,11950,11600,11950,3910,0
20160721,11900,11900,11650,11900,8011,0
20160720,11500,11950,11500,11900,5856,0
20160719,11700,11850,11400,11700,8160,0
20160718,11700,11950,11600,11700,11315,0
20160715,11800,11850,11600,11850,10920,0
20160714,11900,11900,11600,11800,7532,0
20160713,11950,11950,11600,11850,9953,0
20160712,11450,11800,11450,11800,17756,0
20160711,11300,11400,11050,11400,7885,0
20160708,11350,11400,11050,11200,7072,0
20160707,11050,11400,11050,11350,11405,0
20160706,11200,11350,10950,11050,10479,0
20160705,11150,11400,11150,11350,15913,0
20160704,11150,11250,10900,11250,5166,0
20160701,10950,11100,10750,11050,8109,0
20160630,11000,11050,10650,11000,9357,0
20160629,10800,11000,10550,10800,8210,0
20160628,10100,10800,10000,10800,10570,0
20160627,9320,10200,9320,10150,29480,0
20160624,11050,11250,9860,10250,26946,0
20160623,11300,11400,10700,11000,10214,0
20160622,11650,11650,11000,11250,10463,0
20160621,11350,11750,10550,11600,11638,0
20160620,10800,11400,10800,11350,16110,0
20160617,11200,11650,10800,10800,22840,0
20160616,11450,11800,11300,11450,18097,0
20160615,11100,11750,11100,11650,19311,0
20160614,11450,11600,11150,11250,27010,0
20160613,11750,11950,11600,11600,9535,0
20160610,11750,12000,11600,11700,14700,0
20160609,11700,12100,11350,11600,41597,0
20160608,12650,12750,11600,11800,89047,0
20160607,13450,13450,12550,12700,53726,0
20160603,13100,13500,12800,13500,70118,0
20160602,12750,12900,12600,12800,29174,0
20160601,12650,13200,12450,12700,66544,0
20160531,12750,12900,12300,12500,46027,0
20160530,12750,13300,12550,12750,69394,0
20160527,12900,13450,12850,13050,69697,0
20160526,13100,13250,12500,12950,66237,0
20160525,14150,14450,12800,13250,147208,0
20160524,14650,14800,13750,14250,137268,0
20160523,15450,15450,13700,14500,297528,0
20160520,19150,23200,14900,15450,1042430,0
20160519,16000,17900,14500,17900,354688,0
20160518,13000,13800,12850,13800,309272,0
20160517,106500,106500,106500,106500,0,0
20160516,106500,106500,106500,106500,0,0
20160513,106500,106500,106500,106500,0,0
20160512,106500,106500,106500,106500,0,0
20160511,106500,106500,106500,106500,0,0
20160510,106500,106500,106500,106500,0,0
20160509,106500,106500,106500,106500,0,0
20160504,106500,106500,106500,106500,0,0
20160503,106500,106500,106500,106500,0,0
20160502,106500,106500,106500,106500,0,0
20160429,106500,106500,106500,106500,0,0
20160428,106500,106500,106500,106500,0,0
20160427,106500,106500,106500,106500,0,0
20160426,107000,113000,104000,106500,6699,0
20160425,106000,107000,102200,107000,2938,0
20160422,105200,106500,104000,105900,1228,0
20160421,101100,106900,101100,105900,1616,0
20160420,100000,102000,99500,101500,426,0
20160419,102500,102500,99900,100000,1280,0
20160418,101000,102500,100200,101200,625,0
20160415,101100,102500,99200,102200,748,0
20160414,101200,102000,99000,101800,990,0
20160412,99200,101000,97300,99900,368,0
20160411,101900,101900,98000,98500,712,0
20160408,101200,101200,94600,100100,1223,0
20160407,101300,102000,99900,101200,759,0
20160406,97100,102000,97100,101800,2315,0
20160405,96000,98600,96000,98600,1061,0
20160404,96300,98000,96000,96900,828,0
20160401,95700,101000,95500,98000,1845,0
20160331,97000,99000,96500,98000,556,0
20160330,99000,99500,96100,98600,960,0
20160329,97600,100100,97400,99200,544,0
20160328,98700,99000,96900,99000,662,0
20160325,98600,100000,94100,99900,2771,0
20160324,100800,100800,98300,98600,951,0
20160323,97500,99900,96000,99800,1573,0
20160322,100200,100200,95300,97500,2054,0
20160321,96400,100700,93000,98900,3821,0
20160318,94500,94600,90500,93000,1755,0
20160317,89800,92900,88100,90300,992,0
20160316,82800,90100,82400,89000,9561,0
20160315,85500,87800,82400,82800,1730,0
20160314,83800,88900,83400,85500,780,0
20160311,84400,85700,83400,84400,409,0
20160310,83100,85800,81800,84400,1218,0
20160309,78700,84800,77200,82700,1748,0
20160308,77200,77900,76500,77500,1202,0
20160307,77400,77800,75600,76900,470,0
20160304,77000,77000,74900,75300,657,0
20160303,75000,77000,74700,75700,265,0
20160302,76100,76100,74000,75100,663,0
20160229,74500,76200,73900,75100,540,0
20160226,73600,74600,72000,73700,1392,0
20160225,77000,77000,74500,74500,346,0
20160224,78500,78500,76000,76000,435,0
20160223,76600,77400,74300,77300,1369,0
20160222,74500,76500,73400,75600,8375,0
20160219,73200,74700,71500,74500,2209,0
20160218,81400,81400,71000,73200,6056,0
20160217,80200,81000,77200,79800,2235,0
20160216,88800,88800,80000,80600,6220,0
20160215,92900,94600,82200,85000,11435,0
20160212,76000,90300,76000,90300,24703,0
20160211,67600,71000,67600,69500,631,0
20160205,70000,70200,69100,69600,670,0
20160204,69100,70500,68400,70100,469,0
20160203,68800,70000,68800,69100,491,0
20160202,68900,69900,68800,69900,424,-23
20160201,69100,69900,69000,69900,299,0
20160129,68600,69900,68600,69900,746,0
20160128,68600,70000,68600,70000,776,0
20160127,68300,70500,68300,68500,900,0
20160126,70500,70500,68200,69300,626,0
20160125,70300,70300,69600,70300,159,0
20160122,68800,70300,68700,70200,392,0
20160121,69200,70200,68500,69300,363,0
20160120,70300,70300,68000,69200,881,0
20160119,70600,70600,67900,69200,110,0
20160118,68500,70800,67700,67800,291,0
20160115,68400,70700,68000,68500,217,0
20160114,70200,70800,67500,68000,74,0
20160113,70700,70700,69600,69600,747,0
20160112,70600,70600,68900,70500,57,0
20160111,70600,70700,68000,70000,44,0
20160108,70100,70500,68500,69600,50,0
20160107,73800,73800,68500,69800,134,0
20160106,70500,70500,67300,68900,913,0
20160105,74400,74400,67200,68700,781,-188
20160104,69900,71800,67200,70000,543,0
20151230,66300,67600,66300,67300,320,-205
20151229,66600,67700,66300,66300,32,0
20151228,66800,67400,66000,66000,722,0
20151224,65800,66900,65600,66000,378,0
20151223,65200,68700,65200,66000,414,0
20151222,66400,67100,65000,65500,371,0
20151221,65400,68400,64600,65500,1545,0
20151218,65600,67700,65200,66000,121,0
20151217,67200,69900,65400,66000,809,0
20151216,65000,70700,65000,66700,384,0
20151215,63100,67300,63100,65000,751,0
20151214,70000,70000,67200,68000,221,0
20151211,68500,70700,68500,69800,117,0
20151210,68600,68700,68600,68700,16,0
20151209,66200,68700,65000,68600,1379,0
20151208,65100,69900,64700,67800,383,0
20151207,65000,68800,65000,65200,572,0
20151204,64100,65500,64100,65000,308,0
20151203,66000,66000,63000,63900,1204,0
20151202,68500,70000,65500,65800,2663,0
20151201,68600,70300,68000,69900,224,0
20151130,71000,71400,68500,68900,335,0
20151127,70500,70500,68800,69900,1721,0
20151126,70000,71000,68600,71000,1666,0
20151125,69900,71200,68300,68300,403,0
20151124,69300,71400,69300,69900,32,0
20151123,68300,70700,68300,70000,107,0
20151120,68400,70600,68200,69300,326,0
20151119,68800,70300,68400,70200,265,0
20151118,70300,70500,67600,70500,731,0
20151117,67100,70600,67000,70200,621,0
20151116,68600,69700,63500,66700,1266,0
20151113,68500,72000,68500,70000,183,0
20151112,68200,73900,68000,70100,569,0
20151111,67000,72000,67000,69000,74,0
20151110,68800,69300,65400,66900,114,0
20151109,68300,69400,64100,66900,967,0
20151106,72200,72200,69300,69400,256,0
20151105,70100,70900,70000,70000,324,0
20151104,66600,72900,66600,71100,172,0
20151103,72700,72700,70600,70600,499,0
20151102,72800,72800,71000,71100,390,0
20151030,72000,73400,70200,72600,483,0
20151029,69400,72200,69300,71500,288,0
20151028,71700,72400,70000,70000,278,0
20151027,73400,73400,70800,70800,280,0
20151026,70200,72600,69500,72600,910,0
20151023,73300,73400,70200,70200,82,0
20151022,72500,72500,70100,70100,500,0
20151021,73100,73500,71500,71500,424,0
20151020,74400,74700,73000,73200,147,0
20151019,74500,76200,74500,74700,420,0
20151016,74400,76100,74200,76100,284,0
20151015,75000,75700,74600,75000,130,0
20151014,74400,76800,73600,75800,543,0
20151013,73000,75300,72600,75200,206,0
20151012,72500,77100,72500,72600,266,0
20151008,72300,74200,72100,73800,235,0
20151007,72000,73600,71500,73500,1061,0
20151006,71500,74000,70600,72800,359,0
20151005,72400,72400,70400,72200,162,0
20151002,70400,71800,69000,71400,383,0
20151001,70100,71300,69100,70900,388,0
20150930,70600,73000,70000,70600,513,0
20150925,70000,75000,68200,70000,387,0
20150924,70000,73300,67000,69100,562,0
20150923,73800,73800,68800,68900,391,-3
20150922,72000,73500,70000,70900,329,0
20150921,70700,73000,70000,70900,179,0
20150918,70000,71200,69000,71200,206,0
20150917,72000,74400,69500,69500,456,0
20150916,72800,74900,69800,72500,459,0
20150915,70200,74100,70200,72800,207,0
20150914,70200,74800,70200,70300,198,0
20150911,71500,73500,69900,70300,318,0
20150910,68100,72800,66700,71500,688,0
20150909,65700,71300,65400,71300,1515,0
20150908,69700,69800,65000,65000,1319,0
20150907,72500,73100,68100,69700,1676,0
20150904,75200,77900,72600,72600,237,0
20150903,75400,76800,73400,75500,896,-29
20150902,76100,77700,75000,75400,792,0
20150901,78400,80500,77700,78300,540,0
20150831,78200,81000,76000,80500,1007,0
20150828,76200,78300,76000,78000,1244,0
20150827,79900,80400,74900,76200,1101,0
20150826,70000,76400,68800,76000,2202,0
20150825,69900,72800,63600,70600,2385,0
20150824,69000,78600,65700,69900,1410,0
20150821,65000,74900,65000,70000,1745,0
20150820,84400,84400,76000,76000,729,0
20150819,79800,83300,75700,82000,744,0
20150818,84700,84700,79000,82200,1442,0
20150817,85400,87000,78600,82500,2678,0
20150813,84900,87000,83000,84900,1909,0
20150812,100200,104700,81000,86200,7381,0
20150811,100000,118000,96200,98600,10187,-127
20150810,90500,112000,90500,95100,9413,0
20150807,89900,99000,88000,90500,5385,150
20150806,73600,92600,73600,89700,6342,425
20150805,72500,76500,71000,75800,743,0
20150804,76800,76800,70300,73000,579,0
20150803,70000,74000,70000,73100,497,0
20150731,65300,70000,65300,70000,107,0
20150730,65800,68700,65600,67000,658,0
20150729,71100,74700,67100,67100,1581,0
20150728,70000,78000,68300,72300,4869,0
20150727,65200,76000,65200,70000,3151,0
20150724,61200,77000,61200,65000,3613,0
20150723,65000,65200,61600,61600,252,0
20150722,61600,63900,61300,62500,685,0
20150721,59800,62600,59800,62000,465,0
20150720,60900,63000,58700,60100,406,0
20150717,59900,60400,58900,59900,319,0
20150716,58900,60500,58500,59900,186,0
20150715,59600,60700,58700,59200,488,0
20150714,59100,62000,59000,59600,651,0
20150713,58900,60800,57300,60100,407,0
20150710,59500,60900,57500,59000,785,0
20150709,59000,60400,56200,58600,888,0
20150708,58900,61000,57700,60900,830,0
20150707,59400,60900,57500,59500,1431,0
20150706,59400,62100,59300,59400,240,0
20150703,60800,62500,59000,62400,520,0
20150702,61800,63700,60100,60200,126,0
20150701,60500,61900,59200,61800,338,0
20150630,58600,60800,57000,60500,657,0
20150629,62300,64000,57200,58600,1215,0
20150626,67500,67500,64200,64200,158,0
20150625,64600,67000,63400,66000,374,0
20150624,67700,67700,62600,65800,1720,0
20150623,65200,65200,62200,63500,243,0
20150622,65500,65900,60700,63000,291,0
20150619,64600,65800,62500,62500,304,0
20150618,61300,66000,61100,64600,687,0
20150617,65000,65000,61300,61300,898,0
20150616,60300,68400,59500,64900,3340,0
20150615,58300,60800,58300,59500,1027,0
20150612,57700,60100,57700,58300,390,0
20150611,59000,60000,58700,58800,288,0
20150610,58000,60200,58000,58700,335,0
20150609,57000,59600,55800,58400,563,0
20150608,56500,59700,55100,57000,708,0
20150605,58300,59600,57000,57300,903,0
20150604,56200,58400,56000,58400,386,0
20150603,58000,59800,57200,57200,402,0
20150602,58500,59000,57700,57700,610,0
20150601,56800,59400,56800,58200,295,0
20150529,60200,61700,57700,58900,5727,0
20150528,60700,61400,60200,60200,437,0
20150527,62200,62900,59800,61600,685,0
20150526,62200,62700,59500,61800,912,0
20150522,59900,62500,58300,62200,620,0
20150521,58600,60200,58500,58900,1122,0
20150520,59500,59500,58500,59300,1835,0
20150519,57600,60000,57600,58000,1656,0
20150518,55900,58800,54900,58800,2294,0
20150515,55700,57200,55100,55900,765,0
20150514,56200,56200,54700,55000,545,0
20150513,56600,56900,54600,55200,442,0
20150512,55500,56900,55500,55600,289,0
20150511,53900,56400,53900,55500,540,0
20150508,52600,55500,52400,53900,559,0
20150507,53300,54900,52200,52600,412,0
20150506,54800,55000,53300,53300,403,0
20150504,55200,55800,54300,54800,418,0
20150430,55900,56400,54600,55100,393,0
20150429,56600,56600,55400,55400,285,0
20150428,57500,57500,55500,55800,1973,0
20150427,55300,57600,55300,57600,510,0
20150424,57100,58200,56000,57200,1441,0
20150423,58800,59000,56700,57500,1661,0
20150422,60800,62800,55100,59000,2683,0
20150421,59400,60900,58200,59300,1420,0
20150420,59300,61300,58100,59200,1217,0
20150417,57500,59300,57200,59300,1197,0
20150416,59000,59000,57000,58100,1566,0
20150415,57600,58300,56800,58200,581,0
20150414,58800,59500,56600,57600,2712,0
20150413,57700,59000,57000,58800,1285,0
20150410,57500,58400,57200,57500,2874,0
20150409,62500,63000,57300,57900,5248,0
20150408,61400,63800,59300,60800,2472,0
20150407,59800,61000,57800,60100,3097,0
20150406,60600,60600,58200,58300,986,0
20150403,57200,59500,55300,59200,1705,0
20150402,57300,59900,57000,57000,2744,0
20150401,56600,59500,56400,56500,6452,0
20150331,57100,58400,56300,56500,1859,0
20150330,59200,60400,56100,56600,4393,0
20150327,65200,67800,58700,58700,13243,0
20150326,69800,69800,61500,69000,29858,0
20150325,53800,60700,53500,60700,8055,0
20150324,52500,53500,52400,52800,918,0
20150323,53400,53600,52200,52500,1491,0
20150320,52600,54400,51700,53400,1514,0
20150319,53100,54600,51200,52600,23871,0
20150318,52000,52800,50900,52500,522,0
20150317,51200,51900,49700,51600,909,0
20150316,51600,52400,50000,50900,2078,0
20150313,52400,52400,49900,51500,3334,0
20150312,53800,54100,52000,52500,2815,0
20150311,53200,54200,51600,52500,3114,0
20150310,54700,54700,51400,52200,4186,0
20150309,53000,54500,52600,53600,2453,0
20150306,59000,59800,52900,54600,8741,0
20150305,53200,60200,52800,60200,21067,0
20150304,51400,53400,50900,52400,1536,0
20150303,51900,51900,50500,51200,875,0
20150302,52800,53300,50400,51500,1397,0
20150227,51500,53000,50700,51300,1718,0
20150226,53000,53800,50000,51500,2405,0
20150225,53800,54200,51300,53000,3501,0
20150224,64000,64000,53500,53700,12043,0
20150223,59000,61800,57000,61800,15424,0
20150217,47700,53800,47100,53800,7022,0
20150216,46650,47750,46300,46800,670,0
20150213,47650,48100,46000,46200,2078,0
20150212,48500,48500,45900,47350,1151,0
20150211,47850,47850,45950,47000,248,0
20150210,45800,47800,45700,46850,1373,0
20150209,47850,48200,45450,46200,1458,0
20150206,46100,48850,45000,45850,959,-400
20150205,47750,47750,45600,45600,437,0
20150204,45150,46400,45050,45400,190,0
20150203,45750,48300,45150,45400,373,0
20150202,48750,48750,45050,45750,398,0
20150130,48900,48900,46250,47450,409,0
20150129,44900,49800,44850,48150,1257,0
20150128,46500,46500,44300,44900,201,0
20150127,47350,47350,44200,44950,485,0
20150126,45450,45450,44300,44700,411,0
20150123,43450,46500,43250,44200,1199,0
20150122,43950,43950,42700,43150,872,0
20150121,46000,46000,42000,42900,671,0
20150120,44450,44450,42750,43800,418,0
20150119,42500,43450,42450,42800,476,0
20150116,43450,43450,42300,42500,165,0
20150115,41650,43550,40350,43500,2283,0
20150114,42700,42700,41650,42000,313,0
20150113,42700,43350,41500,42800,1162,0
20150112,43450,44750,42200,42750,514,0
20150109,44950,45000,42150,43450,1230,0
20150108,44350,44800,43250,44800,1218,0
20150107,44350,44900,43150,44300,403,0
20150106,45350,45350,44000,44400,418,0
20150105,43500,45900,43500,45250,962,0
20150102,42200,44500,42050,43400,455,0
20141230,41850,44800,41500,42050,656,0
20141229,41700,42350,40150,42000,1075,0
20141226,42000,43250,41250,41800,863,0
20141224,41700,44050,41700,42050,1867,0
20141223,43800,44250,42800,42800,1056,0
20141222,43400,45400,41750,44250,1042,0
20141219,45650,45650,39400,44850,2928,0
20141218,47800,47800,44750,45650,767,0
20141217,46150,48800,46150,47800,378,0
20141216,44200,48600,43050,47950,611,0
20141215,47400,47400,44000,45750,1837,0
20141212,48450,50900,46000,46450,1031,0
20141211,50000,50000,47450,48850,353,0
20141210,45300,49350,45300,49300,496,0
20141209,47050,51200,46100,47650,1211,0
20141208,46000,52000,46000,48350,4518,400
20141205,44800,46950,42750,46750,1243,0
20141204,43400,43600,40950,42400,804,0
20141203,41200,43750,40500,41900,654,0
20141202,41100,42700,40750,41200,1310,0
20141201,38500,44200,38300,42500,2780,0
20141128,38800,39350,38450,38450,40,0
20141127,38900,39400,38900,39400,661,0
20141126,38800,39550,38450,39550,83,0
20141125,38800,39200,38150,39050,70,0
20141124,38500,39050,37950,38200,603,0
20141121,38850,39600,38100,38900,475,0
20141120,40100,40100,38800,38800,228,0
20141119,38450,40400,38250,40300,463,0
20141118,38050,38500,37500,38500,617,0
20141117,38400,38750,37900,38050,664,0
20141114,38350,38800,38300,38350,45,0
20141113,38350,38700,38200,38300,284,0
20141112,38950,39400,38250,38250,642,0
20141111,39400,39850,38800,38800,371,0
20141110,39650,39950,38850,39250,25,0
20141107,39800,40650,39500,39500,71,0
20141106,39650,40650,39350,39800,199,0
20141105,38900,41000,38900,39900,1077,0
20141104,40500,40750,38500,39050,781,0
20141103,40300,40300,38900,39950,54,0
20141031,38550,39500,38350,38950,542,0
20141030,38500,39500,38300,38500,529,0
20141029,38300,38650,38200,38350,100,0
20141028,40500,40500,37850,38150,670,0
20141027,40000,40950,39200,39200,298,0
20141024,40000,41000,39500,39800,676,0
20141023,39550,40500,38100,40000,815,0
20141022,37600,40000,37600,39550,1083,0
20141021,38600,38600,37800,38200,344,0
20141020,37800,38600,37800,38150,239,0
20141017,38000,39800,37500,37550,705,0
20141016,40000,40700,38050,38050,205,0
20141015,40700,40700,39800,39800,85,0
20141014,41300,41300,39500,40700,755,0
20141013,42000,42000,40000,41500,176,0
20141010,41100,42500,40050,42000,995,0
20141008,39300,42800,39300,41800,825,0
20141007,39200,39400,38400,39400,407,0
20141006,38650,39450,38300,39050,289,0
20141002,38500,39850,37600,38650,171,0
20141001,39000,39000,38150,38500,505,0
20140930,38150,38800,37600,38500,22,0
20140929,38000,38950,37550,38000,287,0
20140926,37300,38800,36550,38200,254,0
20140925,38350,38750,37300,38250,1251,-903
20140924,39000,39000,38000,38250,158,0
20140923,38250,39100,37200,38600,1516,0
20140922,39800,40600,38700,39150,118,0
20140919,39250,39900,38200,39800,348,0
20140918,39050,39950,38500,39200,2101,0
20140917,39950,40250,38950,39050,102,0
20140916,39150,40450,39150,39700,263,-150
20140915,40000,40400,38750,40200,1500,0
20140912,39250,40500,39250,40250,102,0
20140911,39450,40300,38900,40300,408,0
20140905,38000,39700,36250,39450,1821,0
20140904,38100,38500,37350,37500,952,0
20140903,37300,38650,37250,37400,186,0
20140902,37700,38200,36500,37600,640,0
20140901,37100,39200,36050,37750,1283,0
20140829,36800,37750,36350,37000,1562,0
20140828,36050,36600,35800,36600,1519,0
20140827,37300,37300,35800,36150,1150,0
20140826,38600,38600,37200,37300,132,0
20140825,38500,39000,38500,38600,94,0
20140822,37550,38900,37550,38500,184,0
20140821,38000,38750,37200,38550,180,0
20140820,36700,38400,36700,38000,1303,0
20140819,37800,38000,36250,37350,533,0
20140818,37600,39300,36950,37800,1839,0
20140814,35750,37300,35300,37000,958,0
20140813,35250,36400,34550,35100,442,0
20140812,35700,35700,34100,35300,1384,0
20140811,37000,38000,35350,35700,631,0
20140808,38500,39000,35000,36500,2130,0
20140807,36950,39000,36950,38000,531,0
20140806,36700,37300,36700,37250,179,7
20140805,37650,37850,37000,37300,212,83
20140804,35900,37900,35900,37650,762,60
20140801,36400,38600,36000,36200,1175,0
20140731,36500,36500,35100,36400,722,0
20140730,37500,37600,35500,36350,890,0
20140729,38000,38950,35800,36400,3076,0
20140728,40600,40600,38150,39250,622,0
20140725,39900,40800,39800,40600,328,0
20140724,40600,40600,39100,39900,94,0
20140723,42000,42000,39600,40650,1113,0
20140722,41500,43000,40850,41950,297,0
20140721,41700,43500,41500,42300,275,0
20140718,42000,42900,42000,42900,161,0
20140717,40000,42400,40000,42200,851,0
20140716,40700,41250,38050,40700,1097,0
20140715,38700,41000,38600,40950,2667,0
20140714,38400,38850,37700,38700,434,0
20140711,37650,39250,37200,38900,992,0
20140710,38300,38300,37150,37300,784,0
20140709,37950,38450,37250,37600,1014,0
20140708,38400,38400,37250,37500,1727,0
20140707,38750,39500,37200,37800,1333,-557
20140704,39650,40000,38000,38750,1498,0
20140703,40500,40500,38800,39650,388,0
20140702,40450,41850,39100,40000,1557,0
20140701,40400,40400,39100,40100,216,0
20140630,40000,40400,39350,40000,92,0
20140627,39800,40700,38850,40150,414,0
20140626,40800,40800,38000,40600,1740,0
20140625,40900,40900,39100,39850,102,0
20140624,38000,40500,37700,40000,3133,0
20140623,39500,39500,37500,39000,528,0
20140620,39450,39950,38050,39100,528,0
20140619,38700,40000,38150,39450,1861,0
20140618,38700,39700,37500,39600,880,0
20140617,37900,39300,37350,38700,299,0
20140616,37250,38100,36750,38100,497,20
20140613,37400,39000,36700,38300,1686,537
20140612,36500,37200,36100,37200,812,0
20140611,35900,36750,35400,36700,2715,0
20140610,35600,36000,34700,35500,3837,903
20140609,37450,37450,35050,36000,6129,0
20140605,36600,37850,35150,36950,2517,0
20140603,36900,37800,34000,37000,5966,0
20140602,39800,39800,35550,37100,15714,0
20140530,33300,37800,33300,37800,18981,0
20140529,33300,33300,32550,32900,855,0
20140528,33150,33600,33000,33400,78,0
20140527,32250,33350,31800,33300,870,0
20140526,33450,33450,32500,32750,502,0
20140523,33250,33300,32000,33200,742,0
20140522,32350,33200,32300,33150,45,0
20140521,32650,33200,32000,32800,688,0
20140520,32500,33100,31950,32500,239,0
20140519,32400,33150,31600,32750,795,0
20140516,31900,32350,31600,31800,1615,0
20140515,33100,33600,31600,31600,949,0
20140514,32450,33900,32450,33100,1352,0
20140513,32200,32500,31000,32500,446,0
20140512,30300,32500,30000,32400,1097,0
20140509,30300,30500,30150,30150,136,0
20140508,30200,30300,29900,30300,28,0
20140507,30500,30800,30100,30100,690,0
20140502,31250,31450,30050,30350,1009,0
20140430,31950,31950,30850,31100,78,0
20140429,31000,31950,30800,31950,959,0
20140428,30150,31650,30150,31000,355,0
20140425,30550,30950,29850,30000,201,0
20140424,31350,31500,29200,31050,1789,0
20140423,31500,32200,31300,31350,153,0
20140422,32150,32150,31500,31500,837,0
20140421,31500,32600,31500,32150,185,0
20140418,32000,32400,31500,31700,251,0
20140417,32550,32600,31350,32400,941,0
20140416,31350,33000,30450,32550,1279,0
20140415,30600,31600,30500,31400,930,0
20140414,31650,31950,30500,30550,1632,0
20140411,32200,33000,31950,31950,222,0
20140410,32200,33200,32200,32950,786,0
20140409,31850,32600,31000,32600,254,0
20140408,31450,31850,31100,31850,379,0
20140407,31650,32400,30850,31200,508,0
20140404,31950,33000,30750,31850,673,0
20140403,31450,31950,31150,31950,29,0
20140402,31850,32100,31100,31350,26,0
20140401,31750,31750,31750,31750,5,0
20140331,31900,32000,31400,31700,55,0
20140328,31550,31950,31100,31900,160,0
20140327,31100,32400,30700,31500,1013,0
20140326,31100,31350,30600,30850,1024,0
20140325,31800,32200,30600,30700,776,0
20140324,31200,32200,30650,32150,1896,0
20140321,31100,32550,30800,31300,616,0
20140320,31050,31250,30300,31250,886,0
20140319,30750,31200,30500,31200,507,0
20140318,31700,31950,30800,31050,518,0
20140317,31500,32000,31150,31700,708,0
20140314,30350,33300,29200,32000,2140,0
20140313,30200,30400,29850,30300,318,0
20140312,30150,30250,29750,30200,741,0
20140311,30400,30400,29800,30250,141,0
20140310,30400,30700,29750,30450,400,0
20140307,30050,30500,30000,30400,82,0
20140306,30750,31000,30000,30250,1957,0
20140305,31400,31400,31000,31350,52,0
20140304,31450,31800,30750,31150,174,0
20140303,31150,31750,30950,31000,449,0
20140228,31650,31900,31050,31900,435,0
20140227,31100,32750,30500,31000,1917,0
20140226,30700,30950,30250,30900,347,0
20140225,31850,32300,30200,30200,1270,0
20140224,31650,32200,31300,31850,645,0
20140221,32150,34500,30800,31300,4058,0
20140220,33000,33500,32000,32950,422,0
20140219,32800,33200,32550,33200,291,0
20140218,32900,33600,32250,32800,844,0
20140217,31950,33250,31950,32750,862,0
20140214,31750,33900,31750,33200,363,0
20140213,32500,32950,30500,31750,2080,0
20140212,30650,33000,30450,32500,891,0
20140211,30150,31350,30150,30500,971,0
20140210,27600,31650,27600,30800,2973,0
20140207,27850,28500,27550,28400,393,0
20140206,27350,27950,27150,27850,1823,0
20140205,27400,27400,26600,27350,1007,0
20140204,27400,27400,26650,27000,170,0
20140203,26650,27550,26650,27150,221,0
20140129,27400,27400,26900,27350,114,0
20140128,27000,27450,26400,27300,403,0
20140127,27200,27450,24400,27450,2541,0
20140124,27800,27800,27200,27750,304,0
20140123,27900,28300,27650,27800,202,0
20140122,28100,28100,27600,27900,324,0
20140121,27500,28250,27250,27850,8423,0
20140120,28050,28350,27500,27950,1838,0
20140117,28000,28300,27400,28000,1658,0
20140116,28100,28400,27400,27800,1787,0
20140115,28150,28300,27800,28100,123,0
20140114,27650,28750,27650,27850,521,0
20140113,27850,29100,27750,28450,971,0
20140110,27800,28350,27800,28200,48,0
20140109,27800,28500,27300,28400,1935,0
20140108,29050,29700,27500,27750,1897,0
20140107,27250,30650,27050,28400,746,0
20140106,27400,28150,25900,27650,2475,0
20140103,27850,28650,27150,27300,1257,0
20140102,28000,28000,27300,27600,174,0
20131230,28200,28600,27500,27500,661,0
20131227,30350,30350,27100,28150,2872,0
20131226,27450,28350,27150,27950,322,0
20131224,26650,28100,26600,27500,2682,0
20131223,26500,26800,26300,26650,632,0
20131220,26100,26800,26050,26800,799,0
20131219,26500,26700,26150,26200,406,0
20131218,27250,27700,26050,26550,2140,0
20131217,27650,28500,26800,26800,704,0
20131216,28000,28550,27300,27700,2920,0
20131213,29000,29600,27400,28550,1689,0
20131212,28800,29700,28150,29000,1995,0
20131211,29150,30400,28500,28700,994,0
20131210,30000,30450,29000,30050,293,0
20131209,29500,30500,29350,30400,931,0
20131206,30300,30300,29100,29800,445,0
20131205,29150,30000,27650,29900,827,0
20131204,28950,29400,27900,29150,1620,0
20131203,29150,29450,28750,29400,1753,0
20131202,29250,29700,28400,29250,3731,0
20131129,33600,34400,28450,28800,13182,0
20131128,31900,34500,31900,33450,399,0
20131127,32700,33250,31600,32200,338,0
20131126,32550,33950,30500,31700,2219,0
20131125,34500,35700,32200,33000,1130,0
20131122,35700,35700,34500,35700,111,0
20131121,35600,36000,34550,35700,68,0
20131120,35200,36100,34250,35750,661,0
20131119,38050,38250,34050,36150,1136,0
20131118,38100,38450,36600,38050,272,0
20131115,38900,39100,37500,37600,342,0
20131114,38700,39700,37800,38900,195,0
20131113,38600,39500,37600,38900,82,0
20131112,37800,38800,37450,38600,110,0
20131111,39150,39650,37100,37800,555,0
20131108,39200,39850,37700,39150,362,0
20131107,39800,41000,37450,39250,3269,0
20131106,39150,40950,37200,39800,2654,0
20131105,36300,41700,34800,39150,3613,0
20131104,36800,37400,34750,36300,2275,0
20131101,37000,37900,35150,37000,2245,0
20131031,36400,37700,35200,37050,1399,0
20131030,37750,39000,36000,36250,1742,0
20131029,36550,38600,36350,37750,831,0
20131028,38950,38950,36050,37200,1343,0
20131025,37700,40000,35500,37400,3162,0
20131024,37500,38500,36000,37700,1561,0
20131023,39000,39000,35800,37800,844,0
20131022,36300,36800,35100,36600,1628,0
20131021,35900,38200,33500,36300,1443,0
20131018,33000,35900,31200,35800,2094,0
20131017,33250,33250,31050,31650,527,0
20131016,32900,33500,31000,31500,697,0
20131015,31800,32700,30550,32600,986,0
20131014,32350,32850,31900,32350,7,0
20131011,31450,32700,30550,32350,456,0
20131010,31400,31450,30350,31450,50,0
20131008,31100,31500,29800,31000,639,0
20131007,29600,31200,29600,31150,293,0
20131004,30000,30500,29600,30000,422,0
20131002,31500,32000,29450,30250,1303,0
20131001,33100,33150,30850,31500,3506,0
20130930,34000,34400,33100,33100,190,0
20130927,32150,34000,31500,34000,920,0
20130926,32150,32500,31300,32000,671,0
20130925,31650,32800,30600,32150,635,0
20130924,33200,33200,31250,31700,353,0
20130923,35000,35000,31500,32950,827,0
20130917,33900,33900,32000,33150,48,0
20130916,32600,32650,31250,32000,1246,0
20130913,31900,32700,31050,32700,993,0
20130912,32500,32500,30800,31900,1378,0
20130911,32950,32950,31500,32450,840,0
20130910,32000,33500,31250,32950,1710,0
20130909,31450,33000,30650,32000,3631,-720
20130906,29200,31750,29000,31450,13500,0
20130905,29600,30100,28500,29600,834,0
20130904,29350,29800,27950,29700,546,0
20130903,28950,30450,27700,28700,3681,0
20130902,29400,29400,28450,28500,68,0
20130830,28950,29300,28000,28900,1950,0
20130829,29550,29550,27700,29000,252,0
20130828,29000,29000,25600,28100,2306,0
20130827,28800,28800,26350,26350,32,0
20130826,26600,28300,26400,27850,1717,0
20130823,27950,28000,26950,27700,48,0
20130822,27500,28100,26400,27500,170,0
20130821,27750,27750,26650,27500,859,0
20130820,27550,28550,27450,27600,3255,0
20130819,28950,28950,24650,28800,490,0
20130816,28950,29000,28200,28800,1194,0
20130814,27650,28950,27650,28950,589,0
20130813,28700,28700,28000,28300,45,0
20130812,28950,29000,28050,28500,360,0
20130809,28650,28950,28400,28900,499,0
20130808,28050,28750,27900,28650,274,0
20130807,28700,28750,28000,28050,1781,0
20130806,28850,28850,27500,28700,297,0
20130805,28900,28900,28300,28850,253,0
20130802,28950,28950,27650,28700,481,0
20130801,28100,28850,27500,28600,1028,0
20130731,27400,29300,26900,27900,4189,720
20130730,27450,27950,26700,27400,2222,0
20130729,26700,27450,26600,27350,647,0
20130726,27850,27850,26800,27000,368,0
20130725,27050,27900,26500,27500,645,0
20130724,27400,27400,26700,26950,173,0
20130723,26800,27300,26650,27000,2260,0
20130722,28350,28350,27000,27050,148,0
20130719,26550,27400,25850,27050,534,0
20130718,27000,27250,26500,26550,247,0
20130717,24800,26900,24800,26800,747,0
20130716,26300,26600,25000,26200,1229,0
20130715,25500,27200,24800,26300,1035,0
20130712,25950,25950,25100,25100,55,0
20130711,24700,26500,24700,25700,615,0
20130710,25800,26100,24550,24550,163,0
20130709,26000,26000,25150,25800,33,0
20130708,25950,26050,25350,25950,231,0
20130705,25900,26200,25300,25950,91,0
20130704,25400,25800,24800,25450,177,0
20130703,25850,26200,24700,25400,255,0
20130702,26000,26700,25500,26000,55,0
20130701,25500,26300,24600,26200,206,0
20130628,26800,26800,23500,25900,211,0
20130627,25000,25850,24400,25300,58,0
20130626,21200,24750,21200,24650,776,0
20130625,24600,25750,22550,23550,3147,0
20130624,24950,26000,24400,25800,278,0
20130621,24700,25500,24400,25000,2246,0
20130620,26050,26800,24650,25550,3583,0
20130619,26300,27250,25850,26850,993,0
20130618,26000,27550,25250,26200,4090,0
20130617,26550,27350,25150,26100,1235,0
20130614,27600,27900,26150,27350,719,0
20130613,28050,28050,27100,27750,1754,0
20130612,28000,28600,27700,28300,642,0
20130611,27650,28450,27550,28000,714,0
20130610,28600,28600,27900,28550,178,0
20130607,28350,28400,27350,28000,557,0
20130605,27550,28700,27250,28000,1315,0
20130604,28450,28550,27500,28000,1731,0
20130603,28000,28600,27050,28450,2638,0
20130531,28500,28950,28250,28250,963,0
20130530,28500,28800,28500,28700,516,0
20130529,29500,29500,28400,28750,2017,0
20130528,28400,29350,28050,29250,959,0
20130527,28500,29350,28000,29000,1483,0
20130524,29000,29000,27500,28700,2362,0
20130523,28500,29750,28150,28600,1814,0
20130522,27750,29000,27500,28350,2602,0
20130521,27650,28450,27650,28000,1456,0
20130520,28600,28600,26850,28300,3860,0
20130516,28100,28750,27450,28250,996,0
20130515,27850,28650,27850,28500,2479,0
20130514,29400,29850,27500,27850,5574,0
20130513,29500,29700,28300,29350,1715,0
20130510,28850,30300,28450,29500,4776,0
20130509,27350,31100,27300,29300,10197,0
20130508,27350,27600,26900,27050,955,0
20130507,26600,27400,26550,27150,1463,0
20130506,25700,26900,25550,26750,3441,0
20130503,25700,26050,25250,25600,3282,0
20130502,26050,26300,25200,25700,2508,0
20130430,25650,26500,25450,26050,2748,0
20130429,25400,26000,25100,25600,1206,0
20130426,25400,25400,25000,25300,205,0
20130425,25300,25350,24800,25300,295,0
20130424,25100,25900,24950,25200,2570,0
20130423,24600,25300,24400,24800,818,0
20130422,24500,24900,24150,24600,1087,0
20130419,25150,25150,24500,24800,137,0
20130418,24300,24950,24300,24950,937,0
20130417,24950,25000,24400,24650,443,0
20130416,24550,25700,24350,24500,1429,0
20130415,25600,25600,24600,25200,1131,0
20130412,24300,25950,23700,25050,4774,0
20130411,24450,24450,23700,23950,337,0
20130410,23350,24550,23350,24150,798,0
20130409,24250,24300,23300,23350,1045,0
20130408,24600,24600,23750,23750,223,0
20130405,24450,24600,23850,24200,1474,0
20130404,25300,25300,22600,24450,1042,0
20130403,26300,26300,24750,25350,1057,0
20130402,25850,26600,25450,25600,985,0
20130401,24700,26200,24600,25900,2186,0
20130329,24750,24900,24500,24850,414,0
20130328,24900,25200,24150,24600,185,0
20130327,24400,25600,24100,24900,241,0
20130326,24100,25500,24100,24900,115,0
20130325,24200,24350,24000,24350,216,0
20130322,24450,24450,23800,24200,58,0
20130321,24300,24600,23950,23950,237,0
20130320,24600,24850,24200,24200,402,0
20130319,25200,25250,24300,24500,481,0
20130318,25750,25750,24700,25050,102,0
20130315,25150,25400,24800,25200,392,0
20130314,24700,25200,24700,25200,160,0
20130313,25400,25400,24500,24700,351,0
20130312,25300,25300,24500,24800,855,0
20130311,25900,26000,25000,25050,353,0
20130308,25900,26000,25400,25850,375,0
20130307,25550,25950,24350,25700,683,0
20130306,26100,26200,25050,25050,754,0
20130305,26000,26800,25150,25850,2721,0
20130304,23850,27250,23800,25450,25809,0
20130228,23700,24000,23400,24000,433,0
20130227,24200,24200,23400,23650,824,0
20130226,24350,24350,23850,24200,71,0
20130225,24600,24600,23850,24300,247,0
20130222,24100,25500,23800,24250,1462,0
20130221,23900,24400,23750,24100,1153,0
20130220,23550,23900,23550,23900,72,0
20130219,23750,23750,23100,23600,327,0
20130218,23750,23750,22500,22900,99,0
20130215,23100,23100,22500,22650,1019,0
20130214,23400,23600,23000,23000,820,0
20130213,24200,24200,23500,23600,408,0
20130212,24200,24200,23550,23900,426,0
20130208,24200,24500,23500,23800,1343,0
20130207,24900,24900,23600,24200,103,0
20130206,24100,25000,23800,24200,165,0
20130205,24950,24950,24000,24000,453,0
20130204,24350,25200,24350,24950,255,0
20130201,24100,25100,23300,24900,753,0
20130131,25250,25250,23850,24600,696,0
20130130,25250,25250,24000,25100,656,0
20130129,24750,24750,23700,24700,3101,0
20130128,24650,24650,23800,24300,609,0
20130125,24600,24850,23900,24400,621,0
20130124,24000,24500,23800,24350,281,0
20130123,24150,24600,23450,24600,52,0
20130122,24250,24250,23750,24150,87,0
20130121,24450,24450,23600,24150,420,0
20130118,23800,24450,23800,24300,381,0
20130117,24700,24700,23650,23800,470,0
20130116,24600,24900,23400,24400,278,0
20130115,24800,24800,24050,24450,393,0
20130114,24250,25150,24250,24500,137,0
20130111,24700,24900,24200,24200,190,0
20130110,24900,24900,24300,24300,268,0
20130109,25000,25800,24800,25000,475,0
20130108,24800,25000,24250,25000,470,0
20130107,23600,24650,23300,24400,387,0
20130104,23650,24200,23500,23550,672,0
20130103,24950,24950,22800,23600,209,0
20130102,23600,24550,22950,23100,342,0
20121228,24450,24450,22650,23550,522,0
20121227,25450,25450,23100,23850,657,0
20121226,24600,24600,23350,24000,1073,0
20121224,24600,24750,24000,24000,131,0
20121221,24350,24450,23950,24450,326,0
20121220,24250,24700,23550,24400,295,0
20121218,26350,26350,23700,23750,2679,0
20121217,25500,26000,24200,25700,2658,0
20121214,25100,26000,24050,25050,2619,0
20121213,24650,25250,24300,24550,1292,0
20121212,25000,25000,24050,24650,630,0
20121211,24650,25700,23450,24650,2881,0
20121210,23800,25000,23800,24050,1501,0
20121207,24550,26200,23350,24350,2782,0
20121206,25300,26500,24500,25700,1234,0
20121205,28800,28900,25500,26450,6818,0
20121204,22600,26000,22450,26000,4546,0
20121203,22350,22650,22000,22650,525,0
20121130,21250,22400,21250,22300,167,0
20121129,22600,22600,21950,22200,191,0
20121128,21100,21950,21100,21900,138,0
20121127,21450,22200,21250,21950,2120,0
20121126,22000,22000,20800,21550,1834,0
20121123,20950,21750,20550,21450,473,0
20121122,21000,21050,20500,20750,305,0
20121121,20700,21200,20500,20850,641,0
20121120,21450,21450,21000,21250,266,0
20121119,20150,21900,20150,21250,518,0
20121116,20500,21950,20500,20850,350,0
20121115,22350,22350,20800,21650,704,0
20121114,22700,22700,20350,21450,458,0
20121113,22750,22850,21600,22500,365,0
20121112,22700,22750,22700,22750,6,0
20121109,23100,23150,22000,22700,130,0
20121108,22600,22800,22300,22800,204,0
20121107,23350,23350,22450,22600,278,0
20121106,23300,23300,22450,23000,260,0
20121105,22250,23000,22250,22900,209,0
20121102,24350,24350,22750,22950,78,0
20121101,23150,23150,22450,22900,126,0
20121031,22850,23450,22500,22800,705,0
20121030,23900,23900,22700,22700,716,0
20121029,23250,23300,22600,23150,3134,0
20121026,23150,23250,22600,23100,431,0
20121025,22700,23450,22700,23150,998,0
20121024,22950,22950,22350,22950,215,0
20121023,23050,23500,22500,22700,837,0
20121022,23000,23850,22000,23050,1125,0
20121019,22950,23900,22950,23450,71,0
20121018,23550,23950,23150,23150,903,0
20121017,23000,23550,22700,23550,999,0
20121016,22600,23000,22500,22950,274,0
20121015,22950,23550,22300,22500,684,0
20121012,22800,23900,22650,23150,239,0
20121011,24450,24450,22750,22950,168,0
20121010,22650,23400,21900,22850,893,0
20121009,23250,23300,23000,23300,97,0
20121008,23750,23750,22850,23250,333,0
20121005,23950,23950,23050,23300,401,0
20121004,23800,23800,22450,23300,219,0
20121002,22700,23550,22700,22750,203,0
20120928,23900,23900,22600,23100,232,0
20120927,23700,23700,22800,22950,458,0
20120926,24450,24550,23350,23350,874,0
20120925,24800,24800,23200,24100,848,0
20120924,25350,25350,24500,24800,208,0
20120921,24150,24750,24150,24700,1645,0
20120920,24950,25550,24550,24650,826,0
20120919,24950,25800,24800,24950,706,0
20120918,25250,25250,24650,24950,230,0
20120917,25400,25400,24850,24850,314,0
20120914,24750,25250,24600,25050,977,0
20120913,25150,25200,24700,24750,429,0
20120912,25450,25450,24550,25000,465,0
20120911,24600,25650,24600,24700,263,0
20120910,24800,25200,24300,24800,500,0
20120907,24700,25000,24150,24550,886,0
20120906,25750,25750,24450,24450,2315,0
20120905,25350,25350,24450,24900,619,0
20120904,25150,25450,24100,25100,1268,0
20120903,25500,26000,24650,24950,954,0
20120831,25250,26200,24700,25400,3096,0
20120830,25050,25500,24650,25150,1208,0
20120829,24700,25500,24650,25300,650,0
20120828,25200,25200,24100,25150,3039,0
20120827,25450,25500,24000,24900,1095,0
20120824,24800,25300,23800,25300,2924,0
20120823,24300,25750,23450,24800,6583,0
20120822,23400,23900,23150,23450,1090,0
20120821,23350,23900,23100,23450,1068,0
20120820,23600,24000,23200,23300,1164,0
20120817,24100,24350,23300,24000,694,0
20120816,23900,24250,23150,24100,1135,0
20120814,22600,23800,22600,23650,1385,0
20120813,23200,23600,22850,23000,709,0
20120810,22750,23500,22350,22850,2971,0
20120809,22600,23100,22250,22650,1386,0
20120808,22050,23100,22050,22400,170,0
20120807,22400,22850,21600,22500,530,0
20120806,22550,22850,22250,22850,597,0
20120803,23150,23150,22000,22400,544,0
20120802,22150,22850,22150,22800,127,0
20120801,23300,23600,22450,22700,968,0
20120731,22200,23950,22100,23350,3821,0
20120730,22100,22350,22000,22100,195,0
20120727,22900,22900,21200,22000,629,0
20120726,21900,22100,21450,22100,1706,0
20120725,21600,21950,21350,21900,259,0
20120724,21800,21900,21250,21650,702,0
20120723,22850,22850,21400,21750,1623,0
20120720,22800,23000,22200,22500,1483,0
20120719,22700,24200,22300,22500,3292,0
20120718,24600,24600,23000,23000,3103,0
20120717,24400,24850,24000,24350,1874,0
20120716,25100,25100,24100,24300,619,0
20120713,25150,25150,24000,24500,499,0
20120712,24750,25450,24500,24700,1301,0
20120711,25800,25800,24800,25250,2705,0
20120710,26100,26100,25150,25850,2980,0
20120709,26050,26200,25200,26000,1368,0
20120706,26700,26750,23250,26200,4234,0
20120705,25850,26750,25750,26450,2957,0
20120704,25650,26450,25250,26250,4755,0
20120703,24800,26700,24800,25400,4928,0
20120702,24600,24950,24450,24900,1104,0
20120629,25000,25000,24150,24750,686,0
20120628,24800,25800,24300,24500,1970,0
20120627,24300,25200,23950,24800,3393,0
20120626,23800,25100,23800,24850,2658,0
20120625,24600,24700,24050,24300,957,0
20120622,24150,24650,23900,24600,1195,0
20120621,25400,25600,24100,24650,3126,0
20120620,26300,26300,24800,25000,5407,0
20120619,26800,27950,25800,26300,3239,0
20120618,24900,27000,23800,27000,7088,0
20120615,23800,24500,23700,24250,852,0
20120614,24300,24500,23800,24400,1541,0
20120613,24650,24800,23700,24300,1147,0
20120612,24300,24700,23200,24350,1473,0
20120611,25000,25700,23950,24300,3564,0
20120608,26500,26500,22450,25000,3008,0
20120607,24950,25750,24900,25600,724,0
20120605,25450,25450,22300,24850,1668,0
20120604,25450,25750,24550,25100,614,0
20120601,25800,26400,25650,25950,920,0
20120531,26300,26750,25250,26400,974,0
20120530,28750,28750,26200,26300,3365,0
20120529,25550,28750,25050,28100,6791,0
20120525,24050,26450,24050,25450,1687,0
20120524,24350,24800,24000,24250,955,0
20120523,25300,25500,24050,24400,1478,0
20120522,25200,26400,24550,25300,1885,0
20120521,23750,26700,23750,25200,3181,0
20120518,27600,27600,23800,24000,3408,0
20120517,26200,26800,25950,26200,1110,0
20120516,26650,26700,25600,26250,1767,0
20120515,26800,27400,25550,26800,2623,0
20120514,28550,28550,26700,27200,3881,0
20120511,26800,29350,26300,27950,5963,0
20120510,27350,27800,26200,26500,4127,0
20120509,28100,28150,27250,27250,2020,0
20120508,27750,28400,27500,28100,1191,0
20120507,29100,29300,27450,27750,4393,0
20120504,30250,30300,28800,29000,4532,0
20120503,28100,32250,28100,30250,21106,0
20120502,29750,29750,27900,28050,1958,0
20120430,30450,30450,28350,29100,1127,0
20120427,30300,30600,28700,29300,2893,0
20120426,31400,31400,29850,30300,833,0
20120425,30950,32750,29600,30950,5092,0
20120424,30000,30050,27350,29800,5364,0
20120423,30950,31650,29700,30000,3581,0
20120420,30650,31500,30100,31500,1625,0
20120419,31600,31900,30500,31100,1948,0
20120418,31400,32000,30350,31500,4179,0
20120417,31500,31700,30450,31050,2326,0
20120416,32000,32000,30050,31450,2148,0
20120413,30150,31500,30100,31000,4091,0
20120412,30950,31500,29550,30500,3781,0
20120410,31500,32150,30150,31600,3605,0
20120409,32700,32700,30600,31700,4660,0
20120406,31500,33900,31500,32950,6581,0
20120405,32900,32900,31550,31900,3440,0
20120404,31950,33600,31250,32900,8219,0
20120403,34000,34100,31850,32000,10542,0
20120402,33100,35500,32500,33100,12873,0
20120330,32400,33600,31700,32850,9836,0
20120329,35150,35800,32250,32950,16303,0
20120328,34600,38550,34500,35850,15160,0
20120327,38450,39300,34800,35950,14077,0
20120326,39900,39900,37250,39350,33517,0
20120323,36400,41050,35850,41050,62803,0
20120322,42000,43900,34950,35700,60693,0
20120321,38850,40000,38500,40000,10074,0
20120320,30850,34800,30850,34800,13372,0
20120319,31100,31150,30100,30300,2230,0
20120316,30350,30850,30100,30650,1862,0
20120315,31550,31550,29700,30350,3269,0
20120314,31200,31700,30100,31100,3279,0
20120313,30250,31750,29350,31750,7542,0
20120312,29700,30850,29550,30250,5713,0
20120309,33300,33650,30300,30300,14641,0
20120308,28850,33100,28850,33100,21500,0
20120307,29150,29700,27550,28800,4445,0
20120306,31500,31900,28500,29250,5800,0
20120305,31550,31600,30000,31200,5088,0
20120302,31600,31950,30450,30800,4496,0
20120229,30850,32000,30300,31650,6968,0
20120228,31200,32500,29000,30700,6528,0
20120227,33600,34350,30300,31200,13157,0
20120224,36000,36000,33250,34350,8738,0
20120223,37900,39400,34500,35350,14766,0
20120222,36500,40500,35200,37000,18174,0
20120221,39800,40000,35100,36650,21164,0
20120220,35500,38600,34500,38600,23866,0
20120217,33100,34000,32100,33600,10064,0
20120216,34950,35150,32850,33750,13956,0
20120215,36000,36050,33050,35000,19213,0
20120214,36100,38350,34750,36000,21609,0
20120213,37600,39850,34800,37400,39561,0
20120210,34800,39150,34800,39150,48439,0
20120209,37000,40450,34050,34050,48743,0
20120208,43100,45850,40050,40050,51507,0
20120207,48150,48150,45000,47100,53920,0
20120206,41900,41900,41900,41900,2994,0
20120203,36450,36450,35400,36450,26341,0
20120202,31000,31700,30650,31700,16355,0
20120201,24000,27600,22400,27600,23400,0
20120131,21200,24300,21200,24000,7345,0
20120130,21450,21450,20850,21200,968,0
20120127,21600,21600,20850,21250,1703,0
20120126,20900,21900,20850,21600,1232,0
20120125,20800,21500,20800,20850,1243,0
20120120,21200,21400,20500,20850,996,0
20120119,20500,21900,20500,21150,1127,0
20120118,21000,21250,20350,20500,1613,0
20120117,21100,21700,20950,21200,601,0
20120116,21200,21750,20850,21150,1224,0
20120113,21200,21700,21050,21450,444,0
20120112,21800,21850,20850,21300,1225,0
20120111,21950,21950,20750,21450,812,0
20120110,21000,21700,20900,21600,2688,0
20120109,22300,22300,21400,21400,1024,0
20120106,21800,22200,21350,22000,1873,0
20120105,22250,22950,21500,21800,5167,0
20120104,22200,22750,21700,22700,4611,0
20120103,23000,23350,21900,22150,5354,0
20120102,23050,23350,21900,22950,6243,0
20111229,23050,23650,22500,23350,2337,0
20111228,23750,23800,22650,22650,3231,0
20111227,23500,24850,22700,23700,3788,0
20111226,23500,25800,22300,23800,9411,0
20111223,21150,24700,21000,23050,25762,0
20111222,22050,22700,21350,21500,3461,0
20111221,20650,22500,20250,22100,9087,0
20111220,19500,20950,19500,20650,4603,0
20111219,21400,21500,18900,19500,8220,0
20111216,22000,22400,20850,21400,8238,0
20111215,22750,23100,21250,21800,11892,0
20111214,23500,24350,22100,23300,8533,0
20111213,22800,26000,22800,23050,9182,0
20111212,24750,24750,22950,23350,23565,0
20111209,21100,24850,20900,24850,45786,0
20111208,21650,21800,20500,21650,10743,0
20111207,22850,22850,21100,21350,14399,0
20111206,20400,23500,20000,22400,30243,0
20111205,20950,20950,19900,20450,8292,0
20111202,20300,21950,20150,20500,14826,0
20111201,21650,22350,20000,20450,17279,0
20111130,24700,24700,21150,21650,20459,0
20111129,26700,27500,23100,23750,28463,0
20111128,22800,25000,22800,25000,18970,0
20111125,20300,22900,19650,21750,30335,0
20111124,20150,23000,20050,20050,50026,0
20111123,19050,20500,18300,20000,22681,0
20111122,20300,20950,17650,18950,19306,0
20111121,17000,19550,16550,19550,30135,0
20111118,16700,17000,16050,17000,2728,0
20111117,16600,17350,16450,17350,3422,0
20111116,17600,17900,16500,16900,5766,0
20111115,18000,19400,17400,17550,25829,0
20111114,15650,17550,15100,17550,9408,0
20111111,14900,15350,14550,15300,1428,0
20111110,14900,15200,14650,15000,3260,0
20111109,15250,15550,15200,15250,2045,0
20111108,15300,15500,15100,15150,3309,0
20111107,16000,16000,15050,15300,3789,0
20111104,15500,15650,15300,15450,2003,0
20111103,16000,16000,15300,15300,3038,0
20111102,15050,15850,15000,15600,3168,0
20111101,15550,16000,15500,15800,1752,0
20111031,16600,16700,15750,15800,2590,0
20111028,16800,17150,16200,16200,3654,0
20111027,15800,17200,15550,16850,6926,0
20111026,15550,15900,15350,15900,3079,0
20111025,16350,16350,15450,15650,1884,0
20111024,15750,15750,15250,15700,3870,0
20111021,15000,15750,14900,15750,3706,0
20111020,15900,16000,15000,15000,2316,0
20111019,16700,16700,15450,16000,2857,0
20111018,16600,16600,15800,15900,1373,0
20111017,15800,17350,15450,16500,7125,0
20111014,15000,15550,15000,15500,2854,0
20111013,15400,15600,14950,15150,3143,0
20111012,15100,15350,14500,15100,4625,0
20111011,14800,15700,14800,15200,2233,0
20111010,14800,15000,14250,14800,1754,0
20111007,15400,15400,14500,14800,2995,0
20111006,14800,15800,14600,15100,15612,0
20111005,14850,14850,13750,14600,3242,0
20111004,14550,15200,14000,14500,1440,0
20110930,15500,15500,14650,15100,1438,0
20110929,15600,15600,14250,15000,2344,0
20110928,15900,15900,14850,15200,1188,0
20110927,15450,15700,14200,15300,2859,0
20110926,14600,15250,14050,15050,9134,0
20110923,15950,16000,15000,15000,6545,0
20110922,16700,16900,16200,16500,5061,0
20110921,16350,17000,16350,16800,2936,0
20110920,16800,16850,16200,16500,5165,0
20110919,17450,17450,16400,16700,11184,0
20110916,18450,18500,17200,17400,24966,0
20110915,17150,19000,16550,19000,32117,0
20110914,17300,17950,16250,16550,1886,0
20110909,17200,17500,16350,16900,7257,0
20110908,17200,17200,16200,16900,9800,0
20110907,17300,17300,16400,17100,1794,0
20110906,16800,17350,16150,17250,2214,0
20110905,17150,17550,15600,16700,4743,0
20110902,17950,17950,17150,17600,2002,0
20110901,18000,18100,17300,17800,3177,0
20110831,18150,18300,17500,17600,2622,0
20110830,17300,18500,17100,17850,4461,0
20110829,17400,17450,16700,17250,4534,0
20110826,16650,17000,16500,16950,1893,0
20110825,17000,17200,16350,16650,2588,0
20110824,17300,17600,16250,16750,7914,0
20110823,18300,18300,16600,17250,4428,0
20110822,16700,17300,16000,17250,3026,0
20110819,18300,18300,16400,16400,8167,0
20110818,19900,21200,18550,18800,15199,0
20110817,20300,20300,18700,18900,4335,0
20110816,18900,19900,17850,19450,9062,0
20110812,19650,19650,17050,17800,8030,0
20110811,15300,18500,15300,18450,4021,0
20110810,17000,18650,16800,17250,6025,0
20110809,14600,16900,14450,16250,20137,0
20110808,17600,19100,16400,17000,6042,0
20110805,20300,20900,18650,19000,4204,0
20110804,22000,22150,20350,20950,2826,0
20110803,22200,22200,21200,21750,2211,0
20110802,21750,22600,21650,22250,2881,0
20110801,21300,22450,21300,22050,2934,0
20110729,22850,23450,19450,21900,8392,0
20110728,22350,23300,22350,22850,3641,0
20110727,23300,23800,22600,23100,4298,0
20110726,24100,24350,22500,22800,5239,0
20110725,25000,25200,23500,23800,4526,0
20110722,23950,25300,23750,25000,6720,0
20110721,24950,25350,23600,23750,6312,0
20110720,23800,24850,23400,24850,13998,0
20110719,25900,27900,23200,24400,34655,0
20110718,22000,24800,22000,24800,18975,0
20110715,22200,22200,21200,21600,5730,0
20110714,22750,22800,21600,22000,2522,0
20110713,22000,22900,21100,22300,5110,0
20110712,22050,22850,21600,21700,3915,0
20110711,22100,23500,21800,22850,8481,0
20110708,22950,23000,22400,22400,6137,0
20110707,23250,23250,22300,22950,5148,0
20110706,22700,24000,22550,22950,8614,0
20110705,22500,23150,21900,22700,6143,0
20110704,23600,23600,22150,22500,7453,0
20110701,22400,23600,22200,23200,8846,0
20110630,22950,23650,22350,22400,9577,0
20110629,24800,24950,22850,22950,13068,0
20110628,25450,26500,24200,24300,12638,0
20110627,26000,26400,25250,25450,8184,0
20110624,26400,26900,25600,25950,12985,0
20110623,28100,28100,25700,26800,19718,0
20110622,27100,28200,26300,26900,20685,0
20110621,25550,28400,25500,26700,36857,0
20110620,27000,27000,25000,25550,18902,0
20110617,27400,29300,26450,27000,21055,0
20110616,26950,30050,26950,27400,33254,0
20110615,27600,27600,26250,26800,15019,0
20110614,26000,28000,25600,27200,26296,0
20110613,31400,32800,26000,27300,43488,0
20110610,25300,28550,23600,28550,60302,0
20110609,26000,26350,24500,24850,13870,0
20110608,25100,27150,24900,26000,24223,0
20110607,26300,26400,24650,25300,17601,0
20110603,27300,29750,26300,26950,24447,0
20110602,28600,29000,26500,27300,21210,0
20110601,30200,30200,27350,29000,25193,0
20110531,31000,31800,27300,28600,39227,0
20110530,29300,32450,28500,31000,46462,0
20110527,30800,32500,27350,28400,59990,0
20110526,37000,39500,32050,32050,80274,0
20110525,35000,37650,33500,37650,35609,0
20110524,28950,32750,28500,32750,47118,0
20110523,26800,31450,26200,28500,49647,0
20110520,33350,37700,27900,27900,73271,0
20110519,31050,33400,29000,32800,38369,0
20110518,32900,35450,29600,31400,54167,0
20110517,30600,33150,27800,31950,86574,0
20110516,26000,28850,25950,28850,40180,0
20110513,21850,25100,21850,25100,53146,0
20110512,19500,21850,19000,21850,43549,0
20110511,19900,19900,18550,19000,13234,0
20110509,19350,20650,19000,19800,10646,0
20110506,22100,22150,19400,19800,25708,0
20110504,18500,20900,18350,20900,13606,0
20110503,19100,19450,18050,18200,7657,0
20110502,19100,19700,17950,19100,22568,0
20110429,19400,20400,18750,19150,28520,0
20110428,19150,19600,18100,19200,14440,0
20110427,19250,20650,18950,19100,26253,0
20110426,19500,19900,18550,19050,26325,0
20110425,21200,21550,19350,19900,45269,0
20110422,26400,26900,21550,21550,90312,0
20110421,22200,25300,21700,25300,107079,0
20110420,24850,24850,21600,22000,57298,0
20110419,24700,26650,22750,24250,134370,0
20110418,29500,32900,26650,26650,101736,0
20110415,31350,31350,31350,31350,10456,0
20110414,34550,36850,34500,36850,11399,0
20110413,31800,32050,30150,32050,57117,0
20110412,27900,27900,27900,27900,26839,0
20110411,24300,24300,24300,24300,9972,0
20110408,18450,21150,18450,21150,60450,0
20110407,17000,19400,17000,18400,43457,0
20110406,16000,17800,15800,16900,9896,0
20110405,16550,16550,15650,15750,3691,0
20110404,15650,17650,15500,16200,17876,0
20110401,15200,16000,15150,15750,4707,0
20110331,15050,15200,14850,15200,478,0
20110330,15000,15200,14900,15200,927,0
20110329,14650,14950,14650,14900,89,0
20110328,14950,14950,14550,14650,641,0
20110325,14950,15000,14750,14850,3871,0
20110324,14400,14750,14400,14750,682,0
20110323,14750,14750,14500,14650,417,0
20110322,14250,14600,14100,14350,4005,0
20110321,14400,14900,14300,14550,1549,0
20110318,14850,14850,14300,14750,1227,0
20110317,14400,14400,14000,14300,4014,0
20110316,14700,14700,14250,14400,2027,0
20110315,15000,15000,14050,14250,2530,0
20110314,14400,15000,14400,15000,837,0
20110311,15300,15300,14500,14750,2239,0
20110310,15300,15550,14950,15300,2935,0
20110309,14600,15250,14300,15000,3574,0
20110308,14150,14550,13950,14550,2331,0
20110307,14100,14250,13800,13950,676,0
20110304,14800,14800,14000,14100,340,0
20110303,14400,14400,13950,14250,343,0
20110302,13900,14150,13800,14000,785,0
20110228,14300,14350,13900,14000,507,0
20110225,14800,14850,14200,14350,1041,0
20110224,14700,15050,14500,14700,1681,0
20110223,14450,14800,14400,14700,513,0
20110222,14300,15800,14300,15000,3134,0
20110221,14550,14950,14500,14900,412,0
20110218,14850,15050,14550,14900,1166,0
20110217,14250,14950,14250,14900,547,0
20110216,14550,15150,14150,14950,1269,0
20110215,14350,14700,14150,14450,412,0
20110214,15350,15350,14150,14750,94,0
20110211,14600,15100,14350,14750,682,0
20110210,14550,14700,14500,14600,5,0
20110209,14500,14850,14450,14750,149,0
20110208,14750,14950,14600,14950,1097,0
20110207,14400,14800,14350,14800,323,0
20110201,14750,14750,14350,14750,63,0
20110131,14500,14800,14450,14800,4,0
20110128,14500,14850,14500,14850,92,0
20110127,14400,14700,14400,14550,475,0
20110126,14600,14600,14450,14550,677,0
20110125,14100,14800,14000,14800,696,0
20110124,14250,14450,14000,14150,619,0
20110121,14450,14500,14200,14450,341,0
20110120,14400,14600,14300,14400,582,0
20110119,14900,14900,14450,14600,222,0
20110118,14850,14850,14500,14700,166,0
20110117,14500,14750,14500,14700,1443,0
20110114,14750,15000,14400,14650,905,0
20110113,15200,15200,14350,14750,637,0
20110112,15150,15250,14800,15150,1308,0
20110111,14800,14850,14550,14850,1098,0
20110110,15300,15300,14450,14750,1322,0
20110107,14550,14750,14500,14700,260,0
20110106,14950,14950,14350,14550,653,0
20110105,14650,14700,14350,14700,74,0
20110104,14800,14800,14400,14650,99,0
20110103,14550,14900,14400,14500,1398,0
20101230,14200,15400,14200,14900,1008,0
20101229,14900,14900,14900,14900,1,0
20101228,14900,15000,14600,14950,491,0
20101227,14800,15100,14450,15000,395,0
20101224,15100,15150,14800,15150,104,0
20101223,15200,15200,14800,14900,60,0
20101222,14700,15100,14700,15100,306,0
20101221,14800,14950,14800,14950,224,0
20101220,14400,15000,14400,14500,487,0
20101217,15350,15350,14650,15100,645,0
20101216,14900,15100,14550,14800,2897,0
20101215,15050,15250,14800,15050,1312,0
20101214,14800,15200,14750,14950,72,0
20101213,15000,15450,14550,14900,3181,0
20101210,14550,14950,14400,14850,1310,0
20101209,15000,15150,14600,14800,326,0
20101208,14600,15000,14450,14850,693,0
20101207,14800,16800,14300,14600,30935,0
20101206,14800,15300,14800,14950,1474,0
20101203,14700,15300,14450,14450,965,0
20101202,14850,15050,14400,14400,337,0
20101201,14750,14950,14000,14800,1814,0
